customer_ID,Email,account_Type,f_Name,l_Name,Address,Province,City,street_Address
7463,ashley08@example.com,Standard,Adrian,Davidson,8265 Jacobs Divide,BC,Kitchener,8265 Jacobs Divide
1455,alicia28@example.net,Premium,Janice,Williams,76944 Linda Manors Apt. 159,NU,Iqaluit,76944 Linda Manors Apt. 159
5189,gutierrezkatherine@example.net,Standard,Jennifer,Webb,8358 Clark Stream,MB,Abbotsford,8358 Clark Stream
7907,sheppardjennifer@example.com,Premium,Laura,Bean,16410 Bray Grove Suite 953,NS,Montreal,16410 Bray Grove Suite 953
2708,jamesle@example.com,Premium,Justin,Moore,845 Ruiz Walk,NS,Sudbury,845 Ruiz Walk
7539,jackson09@example.org,Premium,Antonio,Chen,3877 Murphy Ford,SK,Montreal,3877 Murphy Ford
6801,kevinjohnson@example.com,Standard,Kerri,Perkins,33340 White Creek Apt. 830,NL,Kamloops,33340 White Creek Apt. 830
336,dereknielsen@example.com,Standard,Holly,Herrera,56866 Matthews Canyon,SK,Abbotsford,56866 Matthews Canyon
9109,moranjose@example.net,Premium,Kevin,Bradford,2377 Anthony Ford Suite 458,NS,Yellowknife,2377 Anthony Ford Suite 458
7494,ysmith@example.net,Premium,Aaron,Holloway,52849 Katherine Summit Apt. 289,NU,Regina,52849 Katherine Summit Apt. 289
3976,fletcherhannah@example.com,Premium,Robert,Hogan,2568 Johnson Coves,AB,Edmonton,2568 Johnson Coves
5974,charlescole@example.com,Premium,Jesse,Mann,2638 Brown Crossroad Suite 378,AB,Ottawa,2638 Brown Crossroad Suite 378
8439,alyssasanders@example.com,Standard,David,Gray,26892 Lindsey Trail,NU,Regina,26892 Lindsey Trail
2925,gregory42@example.org,Standard,Stephen,Edwards,74493 George Parkways Apt. 076,AB,Edmonton,74493 George Parkways Apt. 076
5136,rmoss@example.net,Standard,Frank,Miles,8764 Moore Pike Suite 682,NB,Winnipeg,8764 Moore Pike Suite 682
4696,jessica36@example.net,Premium,Christian,Wilson,4408 Juan Shoal Apt. 293,PE,Thunder Bay,4408 Juan Shoal Apt. 293
8290,angelacook@example.net,Premium,Robert,Terry,4720 Makayla Orchard Suite 456,NS,Calgary,4720 Makayla Orchard Suite 456
8171,xjackson@example.com,Standard,Timothy,Brown,64652 Marks Creek Apt. 675,MB,Kelowna,64652 Marks Creek Apt. 675
4576,richard13@example.com,Standard,Meagan,Garner,0059 William Stream Apt. 567,NL,Kamloops,0059 William Stream Apt. 567
871,washingtonjoshua@example.com,Standard,Cheryl,Perez,494 Gill Fort Apt. 677,MB,Sudbury,494 Gill Fort Apt. 677
7957,matthewsdylan@example.com,Standard,Ashley,Hardin,687 Marc Ranch Suite 751,SK,Thunder Bay,687 Marc Ranch Suite 751
3303,mario43@example.net,Premium,James,Choi,841 David Skyway Apt. 594,QC,Kamloops,841 David Skyway Apt. 594
9903,sgarza@example.com,Premium,Justin,Allen,55850 Grant Fields,ON,Victoria,55850 Grant Fields
4905,rosariolisa@example.org,Standard,Nicole,Walter,6237 Caitlin Drive,MB,Sudbury,6237 Caitlin Drive
520,mcclainjoseph@example.com,Standard,Brandon,Dominguez,4632 Christine Viaduct,BC,Sudbury,4632 Christine Viaduct
5250,hlittle@example.net,Standard,Brandon,Cochran,4552 Jones Fords Suite 750,ON,Whitehorse,4552 Jones Fords Suite 750
5283,shermanbrian@example.net,Standard,Hailey,Lopez,0919 Eric Island Suite 146,NT,Calgary,0919 Eric Island Suite 146
8022,gchang@example.net,Premium,Chelsea,Carlson,70401 Ruiz Hollow,NB,Halifax,70401 Ruiz Hollow
4922,kaylawarren@example.net,Standard,Molly,Williams,41988 Hunter Cape,NT,Toronto,41988 Hunter Cape
7135,zromero@example.com,Premium,Frederick,Martin,987 Wise Cape,QC,Regina,987 Wise Cape
6735,mellison@example.org,Premium,David,Hall,01740 Schmidt Bypass Apt. 637,ON,Hamilton,01740 Schmidt Bypass Apt. 637
8373,uwatkins@example.com,Standard,Amy,Hodge,85885 Katherine Trace Suite 256,NL,Oshawa,85885 Katherine Trace Suite 256
4534,bridgetmedina@example.org,Premium,Matthew,Rodriguez,17325 Miller Trace Suite 599,NS,Montreal,17325 Miller Trace Suite 599
4247,singhzachary@example.org,Premium,Spencer,Maldonado,312 Paul Plaza,NT,Saskatoon,312 Paul Plaza
6575,fsmith@example.org,Premium,Christopher,Shaw,18467 Jordan Throughway Suite 299,AB,Fredericton,18467 Jordan Throughway Suite 299
1889,david41@example.org,Premium,Scott,Mayer,587 Cooley Inlet Suite 390,SK,Edmonton,587 Cooley Inlet Suite 390
8173,hernandezelizabeth@example.com,Standard,Catherine,Moore,3503 Jones Prairie Apt. 673,SK,Winnipeg,3503 Jones Prairie Apt. 673
3385,bgilbert@example.org,Premium,Jason,Booth,558 Carl Junction,QC,Victoria,558 Carl Junction
2321,michael57@example.org,Premium,Gina,Rangel,3075 Dylan Orchard,NU,Halifax,3075 Dylan Orchard
6978,todd43@example.org,Standard,Stephanie,Davis,492 Smith Vista Apt. 413,MB,Kamloops,492 Smith Vista Apt. 413
2943,michelle48@example.net,Premium,Sherry,Owens,293 Amy Canyon Apt. 953,BC,Winnipeg,293 Amy Canyon Apt. 953
5831,cassie48@example.com,Premium,Nicholas,Alvarado,36498 Sean Run,BC,Thunder Bay,36498 Sean Run
4515,khinton@example.com,Premium,Edward,Porter,9372 Martin Pass,ON,Whitehorse,9372 Martin Pass
5707,william77@example.org,Standard,Kirk,Frazier,491 Sherman Isle,MB,Montreal,491 Sherman Isle
519,bradleyfernandez@example.com,Premium,James,Foster,82694 Mcbride Wells,NT,Victoria,82694 Mcbride Wells
1690,debracrawford@example.net,Standard,Veronica,Braun,099 Scott Roads Apt. 754,AB,Yellowknife,099 Scott Roads Apt. 754
5948,vleblanc@example.com,Standard,Lauren,Williams,832 Carpenter Heights Suite 922,AB,Thunder Bay,832 Carpenter Heights Suite 922
9351,ashley87@example.org,Premium,Roberto,Jones,643 Cuevas Glens Apt. 868,PE,Edmonton,643 Cuevas Glens Apt. 868
3322,jarvismelinda@example.com,Standard,Lisa,Johnson,870 Melanie Streets Apt. 814,YT,Whitehorse,870 Melanie Streets Apt. 814
6184,hollowayjoshua@example.com,Premium,Michelle,Hobbs,58297 Richard Mews Suite 373,YT,Edmonton,58297 Richard Mews Suite 373
7308,michael81@example.org,Premium,Christopher,Vang,549 Johnson Point,SK,Hamilton,549 Johnson Point
140,lunaraymond@example.net,Premium,Phillip,Wang,6945 Burch Brook,SK,Kingston,6945 Burch Brook
3504,msims@example.com,Premium,Ryan,Koch,6863 Sara Summit Apt. 818,NB,Kelowna,6863 Sara Summit Apt. 818
4629,drodgers@example.net,Premium,Joseph,Daniel,0198 Villegas Mountain,NL,Toronto,0198 Villegas Mountain
8850,iboyd@example.com,Standard,Linda,Tucker,24763 Donna Estates,NS,Abbotsford,24763 Donna Estates
7966,jessicaharper@example.net,Standard,Colleen,Morrow,51054 Ronald Meadows,NU,Whitehorse,51054 Ronald Meadows
5804,mcdowellmargaret@example.com,Standard,Lori,Wagner,1080 Lisa Fords,MB,Thunder Bay,1080 Lisa Fords
1833,amber04@example.net,Premium,Mark,Mullins,103 Donna Shores Apt. 842,NU,Saskatoon,103 Donna Shores Apt. 842
9014,brianjones@example.org,Premium,Misty,Berry,24510 Tyler Crest Suite 909,YT,Whitehorse,24510 Tyler Crest Suite 909
3475,evelyn03@example.org,Standard,Ronald,Medina,470 Baldwin Corners,AB,Ottawa,470 Baldwin Corners
9161,georgejackson@example.com,Premium,Joseph,Davenport,7031 Campbell Ville,AB,Kamloops,7031 Campbell Ville
4582,sawyerjohn@example.net,Premium,Julia,Holmes,3642 Olson Drives,PE,Ottawa,3642 Olson Drives
1184,johnsonwilliam@example.org,Standard,Jennifer,Mejia,12944 Eaton Motorway,NL,Vancouver,12944 Eaton Motorway
9607,dhahn@example.net,Premium,William,Lara,5380 Brooks Islands Suite 817,QC,Thunder Bay,5380 Brooks Islands Suite 817
4048,ahebert@example.net,Standard,Brian,Miller,15307 Brandy Junction,AB,Fredericton,15307 Brandy Junction
674,john02@example.com,Premium,Craig,Burke,2520 Wright Wall Apt. 559,SK,Quebec City,2520 Wright Wall Apt. 559
4249,mooresteven@example.com,Standard,David,Medina,5824 Danielle Junctions,SK,Iqaluit,5824 Danielle Junctions
764,jamesmarquez@example.org,Standard,Melissa,Torres,882 David Motorway,NB,Charlottetown,882 David Motorway
9974,qewing@example.net,Standard,Adam,Barber,09408 Christopher Squares,MB,Iqaluit,09408 Christopher Squares
5829,nicole23@example.com,Standard,Barbara,Anderson,86455 Mccarthy Centers Suite 454,PE,Edmonton,86455 Mccarthy Centers Suite 454
3586,gjohnson@example.org,Standard,Kimberly,Martinez,5839 Davis Summit,NB,Thunder Bay,5839 Davis Summit
2027,mcarter@example.com,Premium,Lisa,Horn,621 Anthony Greens,PE,Kitchener,621 Anthony Greens
2768,nancy63@example.org,Premium,Thomas,Prince,9006 Chelsea Forge,QC,Quebec City,9006 Chelsea Forge
436,michellejohnson@example.net,Premium,Kristy,Reed,1316 Clark Port,BC,Whitehorse,1316 Clark Port
8448,uanderson@example.net,Premium,Colton,Sawyer,79071 Rose Island,ON,Kingston,79071 Rose Island
2709,kim04@example.com,Standard,Catherine,Schmidt,03272 Caitlin Bypass,ON,Thunder Bay,03272 Caitlin Bypass
7813,christine42@example.com,Standard,Vincent,Brown,665 Kristy Trail Suite 819,NT,Saskatoon,665 Kristy Trail Suite 819
9286,qmcintosh@example.net,Standard,Joel,Mann,28166 Smith Walks Apt. 623,YT,Victoria,28166 Smith Walks Apt. 623
1748,lindsay94@example.org,Standard,Pamela,Neal,61479 Tonya Springs Suite 979,NS,Ottawa,61479 Tonya Springs Suite 979
9651,tina75@example.com,Standard,Melissa,Savage,2899 Gregory Loaf,AB,Whitehorse,2899 Gregory Loaf
8391,jessicalong@example.org,Premium,Brian,Perry,64193 Stacey Greens Apt. 520,PE,Montreal,64193 Stacey Greens Apt. 520
3681,kingbrian@example.com,Premium,James,Cruz,71719 Sanders Lake,NS,Fredericton,71719 Sanders Lake
529,rjones@example.net,Premium,Allen,Roberts,2248 Harper Plains,AB,Charlottetown,2248 Harper Plains
8827,ryanmurray@example.org,Standard,Paul,Gutierrez,68578 Davis Landing,PE,Nanaimo,68578 Davis Landing
2304,stacyhawkins@example.org,Premium,Kenneth,Wagner,652 Harrington Hollow Suite 629,AB,Kingston,652 Harrington Hollow Suite 629
5015,herreracharles@example.org,Standard,Ryan,Garcia,0635 Daniel Forks Suite 399,NL,Kitchener,0635 Daniel Forks Suite 399
8469,robinsonchristopher@example.org,Premium,Hayley,Sims,5116 Vicki Ridge,PE,Halifax,5116 Vicki Ridge
120,rosstimothy@example.com,Standard,Francisco,Johnson,328 Benson Lane Suite 719,PE,Ottawa,328 Benson Lane Suite 719
6334,smithmatthew@example.net,Premium,Jerry,Dorsey,27676 Cathy Mall,BC,Abbotsford,27676 Cathy Mall
8014,angelafisher@example.net,Standard,Ronald,Dixon,985 Sara Pike,QC,Regina,985 Sara Pike
5376,aellis@example.com,Premium,Daniel,Chandler,45833 Marc Prairie,SK,Kamloops,45833 Marc Prairie
6549,john08@example.org,Premium,Joan,Best,111 Erickson Ports Suite 083,BC,London,111 Erickson Ports Suite 083
4167,marissa57@example.org,Premium,Benjamin,Carter,505 Holt Ways Suite 084,NS,Saskatoon,505 Holt Ways Suite 084
4804,smithphilip@example.org,Premium,Heather,Rogers,34869 Martin Mission Apt. 588,QC,Sudbury,34869 Martin Mission Apt. 588
5665,jwade@example.com,Premium,Gary,Holt,672 Christopher Rue Suite 546,BC,Ottawa,672 Christopher Rue Suite 546
3271,hollowaykaren@example.com,Standard,Christopher,Miller,85332 Ho Junction Suite 859,SK,Kelowna,85332 Ho Junction Suite 859
6431,gsmith@example.net,Standard,Loretta,Anderson,17464 Sherman Meadows Suite 231,PE,Saskatoon,17464 Sherman Meadows Suite 231
6946,psmith@example.com,Premium,James,Gonzalez,6633 Morton Knolls Apt. 392,BC,Iqaluit,6633 Morton Knolls Apt. 392
8933,penningtonsarah@example.net,Premium,Edward,Ingram,28075 Carroll Well Apt. 743,AB,Saskatoon,28075 Carroll Well Apt. 743
9995,kristopherrichardson@example.org,Standard,Colin,Fuller,864 Courtney Summit Apt. 223,NS,Charlottetown,864 Courtney Summit Apt. 223
8622,danielleallen@example.com,Premium,Jennifer,Knight,4072 Eric Bypass,ON,Toronto,4072 Eric Bypass
6198,romerorobert@example.org,Standard,Nathaniel,Howard,9276 Charles Tunnel Suite 535,MB,Quebec City,9276 Charles Tunnel Suite 535
9694,christinastephenson@example.org,Standard,Andrew,Montoya,28085 Patel Drives,AB,Windsor,28085 Patel Drives
8370,jeffreybishop@example.net,Premium,James,Lewis,21307 Diana Stravenue,NB,Abbotsford,21307 Diana Stravenue
1505,efranklin@example.com,Premium,Jeffrey,Espinoza,7800 Williams Isle,NU,Calgary,7800 Williams Isle
9842,zbeck@example.org,Premium,Sheila,White,731 Bruce Ridges Apt. 117,MB,Windsor,731 Bruce Ridges Apt. 117
1786,acostadavid@example.com,Premium,Dennis,Meyer,582 Amanda Hollow,ON,Windsor,582 Amanda Hollow
1254,taylorkrystal@example.com,Standard,Chad,Ingram,4670 Davis Stream Apt. 967,AB,Abbotsford,4670 Davis Stream Apt. 967
10,ojohnson@example.com,Premium,Jason,Perry,411 Adams Locks,QC,Ottawa,411 Adams Locks
7267,talexander@example.com,Standard,Haley,Daniels,635 Kristopher Estates,SK,Yellowknife,635 Kristopher Estates
2893,djones@example.org,Premium,Roberta,Wilson,318 Robert Parkways,NS,Fredericton,318 Robert Parkways
6413,ibryant@example.com,Premium,Karen,Johnson,335 Shawn Haven Suite 500,BC,Oshawa,335 Shawn Haven Suite 500
2858,sandersjohn@example.net,Standard,Maria,Hunt,20668 Ellis Prairie Apt. 966,MB,Kelowna,20668 Ellis Prairie Apt. 966
1091,sjimenez@example.com,Standard,Brittany,Sandoval,63218 Traci Inlet Suite 442,QC,Montreal,63218 Traci Inlet Suite 442
6492,benjamin04@example.com,Standard,Phillip,Lam,21110 Cochran Haven,SK,Windsor,21110 Cochran Haven
4925,james82@example.net,Standard,Regina,Atkins,12771 Mason Tunnel,NB,Abbotsford,12771 Mason Tunnel
8034,bmorales@example.net,Standard,Mitchell,Chan,3661 Deborah Terrace,YT,Saskatoon,3661 Deborah Terrace
1727,kingmelissa@example.org,Premium,Jennifer,Gray,272 Johnson Lake Apt. 852,SK,Kamloops,272 Johnson Lake Apt. 852
7271,mollyflores@example.com,Standard,Jason,Morales,2893 Matthew Rapids Apt. 247,NB,Whitehorse,2893 Matthew Rapids Apt. 247
8201,samuel35@example.com,Standard,Brian,Benitez,832 Anita Locks,YT,Fredericton,832 Anita Locks
2596,uboone@example.com,Premium,Lisa,Rogers,0285 Kelsey Isle Apt. 229,NU,Yellowknife,0285 Kelsey Isle Apt. 229
8326,justinsmith@example.com,Standard,Justin,Lee,581 Patrick Streets,YT,Winnipeg,581 Patrick Streets
7084,tlutz@example.com,Standard,Nathan,Villegas,437 Miller Turnpike Suite 657,NS,Saskatoon,437 Miller Turnpike Suite 657
297,brennanmary@example.net,Premium,Laura,Horn,9344 Sarah Spring Apt. 085,YT,Kelowna,9344 Sarah Spring Apt. 085
476,toddchristopher@example.org,Premium,Matthew,Williamson,018 Carrie Island Suite 030,AB,Hamilton,018 Carrie Island Suite 030
3836,hburns@example.com,Premium,Rachel,Hernandez,60207 William Via Suite 612,NB,Saskatoon,60207 William Via Suite 612
3365,lorrainetaylor@example.net,Premium,Kaitlin,Mcdaniel,71577 Henry Wells,QC,Kelowna,71577 Henry Wells
9794,areese@example.org,Standard,Brenda,Haynes,44935 Perkins Gateway Apt. 023,SK,Saskatoon,44935 Perkins Gateway Apt. 023
360,jamessheila@example.org,Premium,Jeffrey,Olson,806 Pham River Apt. 082,NS,Edmonton,806 Pham River Apt. 082
9331,xnguyen@example.org,Premium,Alicia,Li,5440 Burns Parkways Suite 019,PE,St. John's,5440 Burns Parkways Suite 019
2444,angelica59@example.org,Premium,Steven,Schneider,536 Reid Mission Apt. 365,AB,London,536 Reid Mission Apt. 365
747,mdorsey@example.com,Premium,Mariah,Huang,6716 Elizabeth Meadow,AB,Thunder Bay,6716 Elizabeth Meadow
2876,michelle99@example.net,Premium,Christina,Montes,7086 Kyle Ridges Apt. 041,NT,Kingston,7086 Kyle Ridges Apt. 041
3631,peter48@example.org,Premium,Luke,Ball,184 Simmons Route,NU,Regina,184 Simmons Route
4161,navarrospencer@example.org,Premium,Lindsey,Scott,05534 Jennifer River Apt. 486,BC,Yellowknife,05534 Jennifer River Apt. 486
9267,ygarcia@example.org,Premium,Melissa,Berg,230 Owens Corner Apt. 967,AB,Quebec City,230 Owens Corner Apt. 967
2090,benjamin19@example.org,Standard,Michael,Bryant,419 Miranda Rue Apt. 059,YT,Vancouver,419 Miranda Rue Apt. 059
3288,kelly13@example.net,Premium,Jennifer,Buckley,6678 Paul Lodge Apt. 628,YT,Nanaimo,6678 Paul Lodge Apt. 628
6752,jramirez@example.org,Premium,Shannon,Ward,264 Amy Crossing,QC,Charlottetown,264 Amy Crossing
647,cooktammy@example.com,Standard,Brian,Stevenson,863 Brent Street Apt. 887,NT,Victoria,863 Brent Street Apt. 887
5246,william15@example.net,Standard,Jill,Waters,76658 Walker Mountain,BC,Iqaluit,76658 Walker Mountain
8400,allison69@example.org,Standard,Scott,Taylor,383 Roberts Pines,AB,Oshawa,383 Roberts Pines
2977,xsanders@example.org,Premium,Michael,Brennan,413 Carlos Plaza,PE,Hamilton,413 Carlos Plaza
1831,klee@example.net,Standard,Lauren,Johnson,0316 Dave Trace,SK,Calgary,0316 Dave Trace
4948,jennifer11@example.org,Premium,Mario,Tyler,3695 Washington Island Apt. 252,MB,Whitehorse,3695 Washington Island Apt. 252
3063,robertreyes@example.com,Standard,Marilyn,Evans,2759 Christian Lane Apt. 989,NT,Saskatoon,2759 Christian Lane Apt. 989
7220,jsmith@example.org,Premium,Colleen,Graham,8024 Peter Expressway,YT,Regina,8024 Peter Expressway
9034,vthompson@example.net,Standard,Douglas,Knox,290 Davis Highway Apt. 324,MB,Kitchener,290 Davis Highway Apt. 324
8882,jesus55@example.com,Standard,Heidi,Kim,1262 Paul Inlet,AB,Winnipeg,1262 Paul Inlet
478,robert34@example.org,Standard,Stephen,Smith,8781 Berry Parkways,ON,Winnipeg,8781 Berry Parkways
196,alanmccullough@example.org,Standard,Matthew,Hooper,07230 Brandon Shore,MB,Calgary,07230 Brandon Shore
9551,ggarcia@example.org,Standard,Michele,Ashley,5214 Martinez Locks,NB,Regina,5214 Martinez Locks
8168,megantucker@example.net,Premium,Jimmy,Nelson,71672 Taylor Road Suite 572,PE,Yellowknife,71672 Taylor Road Suite 572
7998,millerkathleen@example.org,Premium,Jonathan,Logan,1028 Erica Viaduct,MB,Halifax,1028 Erica Viaduct
1842,douglasmiller@example.net,Standard,Jennifer,Brooks,92772 Brandon Valley Apt. 875,ON,Oshawa,92772 Brandon Valley Apt. 875
862,mcdonaldmarcus@example.org,Premium,Michael,Lewis,3195 Victor Fords,AB,Kelowna,3195 Victor Fords
8303,russelljennifer@example.com,Standard,Kelsey,Jimenez,46190 Scott Well,NS,Ottawa,46190 Scott Well
3488,sandy24@example.org,Standard,Colton,Singh,7346 Scott Greens,YT,Whitehorse,7346 Scott Greens
3415,ramirezamy@example.org,Premium,Krystal,Sharp,0262 Rebecca Avenue,PE,Kamloops,0262 Rebecca Avenue
7683,curtissteven@example.org,Premium,Michael,David,76015 Wilson Shoals Suite 284,NL,Saskatoon,76015 Wilson Shoals Suite 284
3761,bryan25@example.org,Standard,Glenn,Wheeler,48701 Craig Alley Apt. 335,NL,Charlottetown,48701 Craig Alley Apt. 335
2743,jameszamora@example.org,Premium,Wesley,Campbell,27996 Nicole Landing Suite 245,BC,Montreal,27996 Nicole Landing Suite 245
305,sarahshelton@example.com,Premium,Matthew,Gardner,6916 Mccoy Estates,BC,Ottawa,6916 Mccoy Estates
3080,harrisheather@example.com,Premium,Sarah,Jones,121 Chelsea Mews,YT,Iqaluit,121 Chelsea Mews
6640,orobertson@example.org,Premium,Erin,Galvan,2377 Gross Roads Suite 109,MB,Hamilton,2377 Gross Roads Suite 109
5068,hhenderson@example.net,Premium,James,Gentry,3286 Rogers Trail,MB,Quebec City,3286 Rogers Trail
1047,melissa44@example.org,Standard,Joshua,Burnett,466 Anderson Well,NU,Regina,466 Anderson Well
78,rebeccamoran@example.net,Premium,Carolyn,Potter,850 Natalie Canyon,NT,Kelowna,850 Natalie Canyon
7381,deleonjessica@example.org,Premium,Veronica,Mitchell,9922 Tiffany Harbors,AB,Hamilton,9922 Tiffany Harbors
613,ivanbuck@example.net,Premium,Tara,Allen,317 Henderson Coves,NL,Regina,317 Henderson Coves
9638,michaelholloway@example.com,Premium,Adam,Barron,4379 David Drive Apt. 637,PE,Vancouver,4379 David Drive Apt. 637
3330,keithroman@example.org,Standard,William,Jensen,7036 Mark Loop Suite 789,NB,Sudbury,7036 Mark Loop Suite 789
320,qhale@example.net,Standard,Jennifer,Trujillo,1517 Branch Path Suite 260,NT,Kamloops,1517 Branch Path Suite 260
9506,hmccoy@example.net,Premium,Amanda,Lopez,111 Hoffman Flat,QC,Toronto,111 Hoffman Flat
5825,perkinsjennifer@example.org,Premium,David,Braun,679 Kathryn Islands Suite 194,BC,Vancouver,679 Kathryn Islands Suite 194
4213,sarah93@example.net,Standard,Maria,Smith,274 Barbara Knolls,NL,Kingston,274 Barbara Knolls
3077,andersondiana@example.net,Standard,Morgan,Carey,0917 Virginia Port,SK,Abbotsford,0917 Virginia Port
2997,htorres@example.org,Premium,Pamela,Miller,20933 Marc Mill Apt. 539,MB,Charlottetown,20933 Marc Mill Apt. 539
8012,pmason@example.org,Standard,Brett,Simmons,81451 Jennifer Rue,ON,Winnipeg,81451 Jennifer Rue
4763,perezfelicia@example.org,Standard,Jennifer,Sanchez,2157 Virginia Ridges Apt. 234,ON,Yellowknife,2157 Virginia Ridges Apt. 234
2206,cynthia66@example.net,Standard,Lori,Valencia,1088 Goodwin Dale,QC,Kamloops,1088 Goodwin Dale
6501,wsmith@example.com,Premium,April,Morales,8773 Bridget Fords,NS,Thunder Bay,8773 Bridget Fords
8263,christophersingh@example.net,Premium,Franklin,Schmidt,81513 Hicks Meadows Apt. 854,NT,Calgary,81513 Hicks Meadows Apt. 854
5367,eric21@example.net,Standard,Heather,Sullivan,4089 Alexander Ferry,SK,Ottawa,4089 Alexander Ferry
7644,jenny58@example.net,Standard,Tracy,White,2758 Austin Rue,BC,Sudbury,2758 Austin Rue
4116,rboyd@example.net,Premium,Andrea,Rivera,79099 Johnson Brooks Suite 154,AB,Winnipeg,79099 Johnson Brooks Suite 154
9708,hbryant@example.net,Standard,Laura,Mayer,5738 Thomas Island Apt. 487,MB,Thunder Bay,5738 Thomas Island Apt. 487
5346,egaines@example.net,Premium,Wanda,West,0437 Meagan Heights,PE,Hamilton,0437 Meagan Heights
7404,darrylyoung@example.com,Standard,Angela,Wright,62652 Krista Ville Apt. 655,NS,Toronto,62652 Krista Ville Apt. 655
9826,yvaldez@example.net,Standard,Ann,Cook,6608 Ann Manor,NL,London,6608 Ann Manor
537,ashleysanchez@example.org,Standard,Carl,King,22335 Robert Station Apt. 447,NU,Winnipeg,22335 Robert Station Apt. 447
4752,smithkimberly@example.net,Premium,Michael,Leblanc,19355 Gay Throughway Suite 779,PE,St. John's,19355 Gay Throughway Suite 779
2265,heatherriley@example.com,Premium,Richard,Gordon,884 Anthony Crest Suite 968,PE,Yellowknife,884 Anthony Crest Suite 968
9605,tony81@example.net,Premium,Caleb,Bridges,2097 Brown Harbors Suite 835,YT,Toronto,2097 Brown Harbors Suite 835
251,joseph30@example.net,Standard,Mark,Peterson,638 Wilkerson Haven,NT,Vancouver,638 Wilkerson Haven
9081,nelsonwanda@example.com,Premium,Russell,Hall,4187 Kyle Mountains,PE,Nanaimo,4187 Kyle Mountains
3555,payneangel@example.org,Standard,Abigail,Ruiz,57003 Peterson Valleys,YT,Windsor,57003 Peterson Valleys
4474,emilystephenson@example.net,Standard,Christopher,Butler,75253 Alvarez Way Apt. 062,NB,Kitchener,75253 Alvarez Way Apt. 062
1212,amycooper@example.net,Standard,Joshua,Smith,0928 Powers Extension Apt. 779,NU,Vancouver,0928 Powers Extension Apt. 779
4326,xmadden@example.org,Premium,Joseph,Miller,92957 Jasmine Drives,ON,Winnipeg,92957 Jasmine Drives
9503,john34@example.org,Premium,Chelsea,Figueroa,247 Weiss Springs,SK,Calgary,247 Weiss Springs
9868,rhonda33@example.com,Standard,Alyssa,Reyes,57495 Kelly Circles,NT,Yellowknife,57495 Kelly Circles
7886,tracy34@example.net,Standard,Tyler,Williams,04640 Christopher Rapid,QC,Kelowna,04640 Christopher Rapid
7375,pagegeoffrey@example.org,Premium,Amanda,Parrish,682 Peters Plains Suite 381,MB,Toronto,682 Peters Plains Suite 381
1591,martinwilliam@example.net,Premium,Willie,Allen,0092 Donald Stravenue,AB,Nanaimo,0092 Donald Stravenue
9510,david48@example.net,Standard,Julie,Pruitt,870 John Island Apt. 249,PE,Kitchener,870 John Island Apt. 249
6384,pittmanjohn@example.org,Premium,Joseph,Carpenter,85091 Jenna Walk,AB,St. John's,85091 Jenna Walk
9402,tmartin@example.net,Premium,Donald,Mendoza,303 Howard Path Suite 940,BC,Charlottetown,303 Howard Path Suite 940
1521,jonathanpalmer@example.com,Premium,Christine,Flores,983 Powell Falls,NS,Winnipeg,983 Powell Falls
7246,sierra99@example.org,Standard,Christopher,Rodgers,59411 Mark Canyon Suite 199,NU,Quebec City,59411 Mark Canyon Suite 199
32,zoe17@example.org,Standard,William,Rogers,99033 Joshua Course,QC,Kitchener,99033 Joshua Course
2839,michaeljohnny@example.com,Standard,Ashlee,Richards,2304 Anna Parkways Suite 955,ON,St. John's,2304 Anna Parkways Suite 955
2512,brittany52@example.org,Premium,David,Allen,79086 Shannon Shoals Apt. 927,NL,Victoria,79086 Shannon Shoals Apt. 927
3357,jasonbryan@example.net,Standard,James,Green,743 Mary Valleys Suite 895,NL,Oshawa,743 Mary Valleys Suite 895
7592,murraymark@example.com,Standard,Susan,Hudson,257 Lewis Cliff Suite 676,PE,Charlottetown,257 Lewis Cliff Suite 676
8191,mmorris@example.com,Premium,Timothy,Carpenter,77586 Kathy Springs,AB,Kingston,77586 Kathy Springs
9825,tyler74@example.org,Standard,Michelle,Lee,561 Cruz Rue,NT,London,561 Cruz Rue
9097,barnespatricia@example.org,Standard,Rebecca,Thompson,17789 Harmon Key Suite 627,NU,Hamilton,17789 Harmon Key Suite 627
6157,david30@example.com,Standard,Alyssa,Hicks,09404 Lee Lake,QC,Kitchener,09404 Lee Lake
7697,fosteranna@example.org,Premium,Gregory,Smith,75312 Kristie Shoals,MB,Montreal,75312 Kristie Shoals
2430,smithkenneth@example.net,Premium,Donna,Peterson,29514 Nicole Bridge Apt. 583,SK,Edmonton,29514 Nicole Bridge Apt. 583
7525,yibarra@example.org,Standard,Alexandra,Little,7747 Navarro Mountains,MB,Regina,7747 Navarro Mountains
1450,glenn65@example.com,Standard,Timothy,Guzman,85568 Terri Union Apt. 115,AB,Abbotsford,85568 Terri Union Apt. 115
4293,julieball@example.net,Premium,Leslie,Castillo,35187 Andrew Throughway,NL,Edmonton,35187 Andrew Throughway
5531,john77@example.net,Standard,Morgan,Martinez,290 Leon Village,MB,Saskatoon,290 Leon Village
1374,cartermark@example.net,Premium,Joshua,Morgan,961 Derrick Courts Suite 748,NT,Quebec City,961 Derrick Courts Suite 748
3919,johnmadden@example.com,Premium,Elizabeth,Mcconnell,03928 Rose Wall,NU,Saskatoon,03928 Rose Wall
3336,rebecca59@example.org,Standard,April,Hicks,6806 Carpenter Hills Apt. 761,NT,Edmonton,6806 Carpenter Hills Apt. 761
2109,gortega@example.org,Standard,Brandon,Johnson,456 Ramirez Knolls Suite 554,QC,Abbotsford,456 Ramirez Knolls Suite 554
4827,jessicahoward@example.org,Premium,Ryan,Freeman,617 Jones Mews Apt. 982,AB,Kitchener,617 Jones Mews Apt. 982
9174,lisa45@example.org,Premium,Rebecca,Johnson,48860 Cassidy Loaf,PE,Quebec City,48860 Cassidy Loaf
5978,adrian85@example.net,Premium,Gregory,Harrison,55751 Megan Ranch Suite 558,YT,Winnipeg,55751 Megan Ranch Suite 558
6341,michaeladam@example.org,Standard,Richard,Lawrence,505 Patterson Garden,QC,Victoria,505 Patterson Garden
6091,alisontorres@example.org,Standard,Victor,Harper,636 Linda Stream Apt. 461,AB,Ottawa,636 Linda Stream Apt. 461
4944,benjamin61@example.net,Standard,Travis,Smith,28557 Jennifer Mountains Apt. 379,ON,Edmonton,28557 Jennifer Mountains Apt. 379
7652,lsawyer@example.org,Premium,Carolyn,Chapman,4747 John Street Apt. 974,NS,Windsor,4747 John Street Apt. 974
7685,nicholaschapman@example.com,Standard,Nicole,Ross,10547 David Camp Suite 251,NT,Kitchener,10547 David Camp Suite 251
4866,judybrock@example.com,Standard,Nicole,Williams,2408 Michael Divide Suite 084,PE,Calgary,2408 Michael Divide Suite 084
7006,lrodriguez@example.net,Standard,Erika,Blankenship,7187 Melvin Mountain Suite 684,SK,Charlottetown,7187 Melvin Mountain Suite 684
9178,vincentdebra@example.com,Premium,Taylor,Jensen,04933 Green River Suite 274,YT,Kingston,04933 Green River Suite 274
8126,bonnie03@example.org,Standard,Kim,Fletcher,218 Angela Valleys,NL,Oshawa,218 Angela Valleys
362,markramos@example.net,Premium,Jessica,Clements,21280 Crystal Flat Apt. 448,BC,Whitehorse,21280 Crystal Flat Apt. 448
609,gbrown@example.net,Premium,Brian,Ingram,8338 Lane Gateway Suite 826,SK,Iqaluit,8338 Lane Gateway Suite 826
2313,mdurham@example.org,Premium,Robert,Salazar,41878 Susan Cliff Apt. 144,NL,Hamilton,41878 Susan Cliff Apt. 144
4191,gregorymadden@example.net,Premium,Bradley,Wong,2934 Cross Lodge Apt. 787,NL,Winnipeg,2934 Cross Lodge Apt. 787
9166,lhenderson@example.net,Premium,Kiara,Santana,8650 John Fall Apt. 794,PE,Saskatoon,8650 John Fall Apt. 794
2228,jeffreymoyer@example.com,Standard,William,Fernandez,223 Lee Spur,NL,Regina,223 Lee Spur
6957,dianastone@example.com,Standard,Deborah,Walker,320 Gordon Orchard,QC,Kamloops,320 Gordon Orchard
265,yguzman@example.org,Standard,Natalie,Hubbard,6902 Cory Flat Suite 986,MB,St. John's,6902 Cory Flat Suite 986
6085,bobbytrujillo@example.com,Standard,Anthony,Hamilton,5889 Mcconnell Harbor,YT,Kingston,5889 Mcconnell Harbor
3220,beckyperez@example.net,Premium,Keith,Jones,2640 Guerra Parks Suite 375,NS,Kingston,2640 Guerra Parks Suite 375
3592,pcook@example.net,Premium,Marilyn,Martin,583 Ashley Fork Suite 255,NL,Quebec City,583 Ashley Fork Suite 255
7214,james73@example.org,Standard,Kristen,Vaughn,583 White Highway,ON,Quebec City,583 White Highway
2618,davidamy@example.org,Standard,Nicholas,Bradley,655 Bradford Burgs Suite 082,NL,Kitchener,655 Bradford Burgs Suite 082
5105,melvinallen@example.org,Premium,Joseph,Jones,455 Powell Estates,PE,Windsor,455 Powell Estates
8259,rdavidson@example.net,Premium,William,Harris,343 Paul Avenue,NS,Calgary,343 Paul Avenue
427,eric59@example.com,Standard,Kelly,Dyer,698 Blake Glens,MB,Edmonton,698 Blake Glens
34,ballabigail@example.net,Standard,Megan,Murray,997 Phillips Road,NT,Vancouver,997 Phillips Road
4057,haleyhenry@example.net,Standard,Sarah,Arnold,3590 Shawn Locks,NB,Montreal,3590 Shawn Locks
4146,jenniferjackson@example.org,Premium,Heather,Roberts,38643 Miguel Lane Suite 837,PE,Abbotsford,38643 Miguel Lane Suite 837
4870,palmercheryl@example.net,Standard,William,Owens,4212 Elizabeth Green Apt. 216,NL,London,4212 Elizabeth Green Apt. 216
8512,drewjones@example.com,Premium,Jimmy,Navarro,077 William Ports Suite 521,PE,Yellowknife,077 William Ports Suite 521
2991,ryanmeyer@example.net,Premium,Debra,Johnson,070 Johnson Rapid Apt. 892,QC,Saskatoon,070 Johnson Rapid Apt. 892
4426,brianna13@example.net,Premium,Michael,Reed,60168 Carla Summit Suite 705,ON,Regina,60168 Carla Summit Suite 705
8051,robinsonjeffrey@example.net,Premium,Rachel,Smith,6051 Smith Stream Suite 394,NU,Charlottetown,6051 Smith Stream Suite 394
6204,elliottaaron@example.net,Premium,Shannon,Martinez,330 Randy Glens Apt. 162,NT,Saskatoon,330 Randy Glens Apt. 162
979,myersnicholas@example.org,Premium,Lisa,Smith,6770 Christopher Village,NL,London,6770 Christopher Village
3249,kjohnson@example.org,Premium,John,Merritt,9467 Jamie Path Suite 863,NT,Kitchener,9467 Jamie Path Suite 863
2183,reynoldschristopher@example.net,Premium,Robert,Anderson,22671 Garcia Locks,AB,Edmonton,22671 Garcia Locks
4097,lzhang@example.org,Standard,Amanda,Joseph,004 Montoya Court,PE,Kelowna,004 Montoya Court
1610,racheldaniel@example.net,Premium,Heidi,Martinez,013 Edward Walks Apt. 705,NB,St. John's,013 Edward Walks Apt. 705
2844,dhayes@example.com,Premium,Barbara,Schneider,6588 Michelle Courts,NT,Whitehorse,6588 Michelle Courts
5279,amytran@example.org,Premium,Eric,Baker,01006 Hunter Junctions Suite 359,NT,Quebec City,01006 Hunter Junctions Suite 359
7133,samantha93@example.net,Standard,Cesar,Coleman,983 Scott Ridges,BC,Kingston,983 Scott Ridges
8479,joyce32@example.org,Standard,Jeffrey,Wood,87333 Rowe Union Suite 244,QC,Abbotsford,87333 Rowe Union Suite 244
9572,mbauer@example.com,Premium,Curtis,Garcia,4798 Matthew Pass,NS,Regina,4798 Matthew Pass
2787,gabriel80@example.net,Premium,Anthony,Bryant,2986 Sharon Corners Suite 347,PE,Regina,2986 Sharon Corners Suite 347
4197,rollinsjonathan@example.net,Standard,Stephanie,Salazar,584 Robert Meadows,MB,Iqaluit,584 Robert Meadows
6922,nicole94@example.com,Standard,Francis,Ferguson,901 Margaret Spurs,AB,Kingston,901 Margaret Spurs
5817,phouston@example.org,Premium,Jason,Bernard,8960 Jensen Landing,YT,Fredericton,8960 Jensen Landing
9872,ryanpaul@example.net,Premium,Timothy,Obrien,4981 Patrick Freeway,NS,Edmonton,4981 Patrick Freeway
8420,pennysanchez@example.org,Standard,Angela,Jordan,161 Sylvia Motorway Apt. 455,BC,Quebec City,161 Sylvia Motorway Apt. 455
3423,hollydavis@example.com,Standard,Mary,Hernandez,5045 Jennifer Meadows,MB,Saskatoon,5045 Jennifer Meadows
2177,danielle26@example.net,Standard,Dakota,Davies,0712 Steve Mission Suite 486,MB,Vancouver,0712 Steve Mission Suite 486
8647,scottshelly@example.com,Premium,Susan,Richards,40847 Ramirez Port Suite 344,MB,Hamilton,40847 Ramirez Port Suite 344
4690,caitlinlawrence@example.net,Standard,Jennifer,Oliver,9826 Odonnell Terrace,ON,Hamilton,9826 Odonnell Terrace
5741,william93@example.net,Premium,Deanna,Small,46013 Richard Ville Suite 050,NU,Charlottetown,46013 Richard Ville Suite 050
7861,christinestevens@example.net,Standard,James,Ayala,53659 Miller Passage,NB,Oshawa,53659 Miller Passage
7741,alishayoung@example.org,Premium,Marcus,Li,004 Lisa Corner Suite 682,NU,Ottawa,004 Lisa Corner Suite 682
9799,brittanyjennings@example.com,Premium,Brenda,Lewis,6166 Manuel Ways,SK,Quebec City,6166 Manuel Ways
4137,thorntonderek@example.com,Premium,Taylor,Benitez,899 Hill Turnpike Apt. 014,NU,Kamloops,899 Hill Turnpike Apt. 014
5113,stephanie05@example.net,Standard,David,Romero,12656 Andrew Burg Suite 965,AB,Halifax,12656 Andrew Burg Suite 965
8436,rmartin@example.net,Standard,Renee,Buck,985 Julie Dale Suite 667,ON,Kitchener,985 Julie Dale Suite 667
7484,brianmurphy@example.org,Standard,William,Green,813 Ramsey Roads Suite 599,NS,Montreal,813 Ramsey Roads Suite 599
3507,rjohnson@example.net,Premium,Tara,Cisneros,1646 Renee Avenue Apt. 233,YT,Kamloops,1646 Renee Avenue Apt. 233
9001,jacob69@example.com,Standard,Robert,Gregory,5403 Julie Vista Suite 715,NU,Victoria,5403 Julie Vista Suite 715
4415,katherinethomas@example.org,Premium,John,Black,45885 Melissa Flats,QC,Montreal,45885 Melissa Flats
2079,dawnblackburn@example.org,Standard,Billy,White,2018 Victoria Forge,ON,Saskatoon,2018 Victoria Forge
727,cmiller@example.com,Standard,Erica,Noble,7566 Macdonald Parkway Suite 064,NS,Calgary,7566 Macdonald Parkway Suite 064
7755,kristi10@example.org,Standard,Thomas,Reynolds,30479 Reese Meadows Apt. 678,ON,Kitchener,30479 Reese Meadows Apt. 678
4995,kristenrivera@example.com,Standard,James,Shannon,3296 Clayton Mews,PE,London,3296 Clayton Mews
1875,john68@example.org,Premium,Judy,Ayers,37581 Wiley Isle,NB,Calgary,37581 Wiley Isle
1987,elliswanda@example.com,Standard,Derek,Williams,302 Shawn Mill Suite 387,SK,Fredericton,302 Shawn Mill Suite 387
3424,thenderson@example.org,Premium,Brittney,Sweeney,15831 Ramos Mountains Suite 600,NT,Hamilton,15831 Ramos Mountains Suite 600
4643,melissasmith@example.net,Standard,Frances,Willis,0737 Shannon Falls,ON,Toronto,0737 Shannon Falls
4492,ashleyboyer@example.net,Premium,Jessica,Walters,0818 Daniels Flats Suite 710,NT,Saskatoon,0818 Daniels Flats Suite 710
3576,ihernandez@example.net,Premium,Crystal,Cook,00827 Rachel Isle Apt. 277,AB,Kingston,00827 Rachel Isle Apt. 277
4568,rtate@example.org,Standard,Kelly,Jones,74543 Watson Passage,BC,Calgary,74543 Watson Passage
1216,robertsjeremy@example.org,Standard,Shane,Turner,45648 Elizabeth Roads,NU,Yellowknife,45648 Elizabeth Roads
2356,duncanmelissa@example.org,Premium,Lisa,Crosby,43589 Villanueva Road Apt. 159,PE,London,43589 Villanueva Road Apt. 159
1114,mcmahonpatricia@example.com,Standard,Amanda,Barber,099 Carr Crossing,PE,Halifax,099 Carr Crossing
3604,johnsontracie@example.com,Premium,Adam,Johnson,2068 Gallagher Light,NL,Thunder Bay,2068 Gallagher Light
6906,michelle16@example.org,Premium,Curtis,Good,40815 Randy Rapids Apt. 174,NL,Regina,40815 Randy Rapids Apt. 174
4813,christian05@example.com,Standard,Taylor,Mcdaniel,649 Martinez Path,NT,Quebec City,649 Martinez Path
6727,gphillips@example.org,Standard,Whitney,Torres,135 Jeremiah Islands,MB,Ottawa,135 Jeremiah Islands
294,luceromatthew@example.com,Standard,Kristin,Small,699 Edwards Course Suite 253,NU,Halifax,699 Edwards Course Suite 253
1529,sandra66@example.org,Premium,Samantha,Blake,37471 Aaron Center Suite 760,PE,Iqaluit,37471 Aaron Center Suite 760
5462,thomasharris@example.org,Standard,Katherine,Johnson,9072 Brown View Apt. 444,BC,Toronto,9072 Brown View Apt. 444
2721,daviskevin@example.net,Standard,Richard,Adams,67450 Nunez Mews Apt. 508,PE,Oshawa,67450 Nunez Mews Apt. 508
6874,jamesmorgan@example.net,Standard,Michele,Oneill,96582 Cochran Mountains,ON,Abbotsford,96582 Cochran Mountains
4416,patricia79@example.com,Standard,Sharon,Martinez,919 Burton Pass Suite 938,QC,Saskatoon,919 Burton Pass Suite 938
1157,jenkinsdonald@example.com,Standard,George,Chambers,7050 Carroll Spurs,ON,Charlottetown,7050 Carroll Spurs
8815,roymandy@example.org,Premium,Leonard,Gordon,2640 Patterson Forges Suite 410,YT,Hamilton,2640 Patterson Forges Suite 410
9107,nicholasrobinson@example.org,Premium,Amber,Clark,92134 Phillips Course Suite 818,QC,Fredericton,92134 Phillips Course Suite 818
7125,vwilliams@example.net,Standard,Cheyenne,Evans,70455 Noah Burg Apt. 606,NL,Toronto,70455 Noah Burg Apt. 606
6238,roberthernandez@example.net,Standard,Kimberly,Edwards,06919 Ali Valley Apt. 634,NB,Ottawa,06919 Ali Valley Apt. 634
3402,nguyenjoann@example.net,Premium,Jason,Wilson,411 Jerry Ford Apt. 965,SK,Fredericton,411 Jerry Ford Apt. 965
5854,martinezryan@example.com,Standard,Ashley,Jacobson,4506 Timothy Forge Suite 848,AB,Sudbury,4506 Timothy Forge Suite 848
8159,jamesjohnson@example.org,Standard,Nathan,Clarke,500 Ayala Burg,NT,Toronto,500 Ayala Burg
4339,whoward@example.com,Premium,Rebecca,Johnson,075 Vincent Lock,NL,Victoria,075 Vincent Lock
7169,vrobertson@example.net,Standard,Richard,Smith,71989 Jessica Station Apt. 633,NL,Windsor,71989 Jessica Station Apt. 633
9770,carrillocasey@example.org,Standard,Jenna,Sherman,86489 Baxter Flat Apt. 929,MB,London,86489 Baxter Flat Apt. 929
6360,bookerchristopher@example.org,Premium,Mark,Herrera,254 Patrick Neck,ON,Windsor,254 Patrick Neck
1702,castillonathan@example.com,Premium,Michael,Anderson,66967 Jason Burgs Suite 142,BC,Winnipeg,66967 Jason Burgs Suite 142
7291,james29@example.com,Standard,Brian,Parker,14727 Davidson Keys Apt. 720,SK,Abbotsford,14727 Davidson Keys Apt. 720
2082,jenniferramos@example.org,Premium,Matthew,Velez,4596 Smith Station,BC,Nanaimo,4596 Smith Station
8180,jonathan51@example.org,Standard,Ashley,Murillo,344 Crane Burgs Apt. 129,AB,Quebec City,344 Crane Burgs Apt. 129
908,russellgreen@example.net,Standard,Michael,Whitney,029 Lewis Mall Suite 500,NT,Hamilton,029 Lewis Mall Suite 500
5116,anne95@example.org,Standard,Victor,Graham,418 Gonzales Squares,ON,Whitehorse,418 Gonzales Squares
9944,wsmith@example.org,Standard,Carolyn,Pitts,25486 Gomez Ridges Apt. 876,ON,Whitehorse,25486 Gomez Ridges Apt. 876
8437,russellrose@example.net,Premium,Kimberly,Walker,006 Patrick Divide Suite 649,NB,Kelowna,006 Patrick Divide Suite 649
617,greenemichael@example.org,Premium,Lisa,Johnson,93571 Phyllis Plains Apt. 813,PE,London,93571 Phyllis Plains Apt. 813
1389,maria02@example.com,Premium,Mary,Garcia,86417 Cook Loaf Suite 117,PE,Ottawa,86417 Cook Loaf Suite 117
909,gonzalezcrystal@example.com,Premium,Lisa,Gonzalez,596 Boyd Pass Apt. 723,PE,Victoria,596 Boyd Pass Apt. 723
3161,kayla79@example.net,Standard,Gregory,Oliver,51838 Velez Throughway Suite 818,NL,Whitehorse,51838 Velez Throughway Suite 818
5739,jamespacheco@example.net,Premium,Angela,Garrison,493 Jennifer Road,MB,Saskatoon,493 Jennifer Road
5962,fromero@example.net,Premium,Erika,Dean,1580 Steven Knolls Suite 198,ON,Edmonton,1580 Steven Knolls Suite 198
8315,kristina39@example.org,Premium,Molly,Martin,15953 Susan Courts,NT,Quebec City,15953 Susan Courts
2586,udouglas@example.org,Standard,Kevin,Hall,441 Herman Forges,NU,Edmonton,441 Herman Forges
808,timothymartin@example.com,Standard,Martha,Lewis,038 Johnson River Suite 063,AB,Thunder Bay,038 Johnson River Suite 063
8177,adrian71@example.net,Standard,Brian,Leonard,6080 Russell Crescent,SK,Calgary,6080 Russell Crescent
9060,adamrhodes@example.org,Premium,Kendra,Adams,49826 Miller Plains Suite 124,PE,Winnipeg,49826 Miller Plains Suite 124
3907,xturner@example.com,Premium,Matthew,Nelson,866 Thomas Mountains Suite 254,BC,Quebec City,866 Thomas Mountains Suite 254
3952,amythornton@example.org,Premium,Diana,Carroll,7662 Smith Camp,YT,Nanaimo,7662 Smith Camp
535,melissaroberson@example.com,Premium,Sandra,Murphy,822 Dean Parkway,YT,Victoria,822 Dean Parkway
7478,vincent29@example.org,Premium,Sandra,Walsh,151 Lewis Garden Suite 892,YT,Oshawa,151 Lewis Garden Suite 892
2230,mcintoshjason@example.net,Premium,Kathleen,James,616 Lewis Cape Apt. 444,NL,Kamloops,616 Lewis Cape Apt. 444
2678,brandonowens@example.com,Premium,Samuel,Powell,71033 Smith Union,YT,Charlottetown,71033 Smith Union
8907,christophermcmillan@example.com,Standard,Joseph,Martinez,01206 Krystal Fork,SK,Yellowknife,01206 Krystal Fork
6446,ggarcia@example.net,Standard,Melissa,Freeman,96448 Michael Neck Suite 373,PE,Kelowna,96448 Michael Neck Suite 373
7132,roy16@example.org,Premium,Mark,Moore,353 Harvey Harbors,NS,Kingston,353 Harvey Harbors
9728,fjackson@example.com,Premium,Donna,Moses,5236 David Roads,NT,Sudbury,5236 David Roads
5963,jacob05@example.net,Premium,Jack,Martinez,33556 Carter Union Suite 538,YT,Iqaluit,33556 Carter Union Suite 538
2907,dawn66@example.org,Standard,Nicole,Williams,8886 Shelby Freeway,MB,London,8886 Shelby Freeway
4848,troy17@example.org,Standard,Raymond,White,135 Matthew Squares Suite 711,NL,Charlottetown,135 Matthew Squares Suite 711
1033,eileenlittle@example.com,Premium,Kimberly,Heath,813 Kennedy Mills,NU,Montreal,813 Kennedy Mills
7501,valeriewinters@example.com,Standard,Desiree,Smith,67862 Allen Lodge,ON,London,67862 Allen Lodge
9870,hreed@example.com,Premium,William,Burgess,4831 Walker Port,NT,Ottawa,4831 Walker Port
9245,nicole41@example.net,Standard,Zachary,Hanson,007 Miles Ramp,ON,Yellowknife,007 Miles Ramp
1481,fowens@example.org,Standard,Theresa,Blake,91486 Steele Flats Apt. 680,SK,Kingston,91486 Steele Flats Apt. 680
8179,sferrell@example.com,Standard,Andrew,Cole,824 Jeffrey Pike Apt. 409,BC,Abbotsford,824 Jeffrey Pike Apt. 409
9423,hbrown@example.com,Premium,Selena,Hanson,693 Miles Common Suite 368,BC,Nanaimo,693 Miles Common Suite 368
821,masseystephanie@example.net,Premium,Patrick,Adkins,49516 Welch Heights Apt. 647,YT,Yellowknife,49516 Welch Heights Apt. 647
3003,alanwang@example.com,Premium,John,Kim,08468 Smith Trail,AB,Iqaluit,08468 Smith Trail
4099,nataliegreen@example.net,Premium,Jake,Webb,51624 Hopkins Burg Apt. 833,NB,Whitehorse,51624 Hopkins Burg Apt. 833
7972,pamelareynolds@example.org,Standard,Jasmine,Fernandez,48463 Kimberly Overpass,NT,Abbotsford,48463 Kimberly Overpass
3008,leachalan@example.org,Standard,Samantha,Taylor,216 Bill Manors Apt. 694,NB,Oshawa,216 Bill Manors Apt. 694
7331,autumnvelasquez@example.net,Premium,Vincent,Smith,6108 Coffey Road Apt. 262,NB,Charlottetown,6108 Coffey Road Apt. 262
7025,tina40@example.org,Standard,Donald,Lewis,6945 Katherine Heights,SK,Sudbury,6945 Katherine Heights
5126,cameronjanice@example.net,Standard,Victoria,Pope,442 Michael Trace,NS,Winnipeg,442 Michael Trace
5336,georgerodriguez@example.org,Standard,Joseph,Black,2194 Whitaker Turnpike,QC,Whitehorse,2194 Whitaker Turnpike
4374,morrisdale@example.org,Standard,Kerri,Chambers,811 Linda Locks Apt. 362,NT,Kamloops,811 Linda Locks Apt. 362
3123,robinsoncaleb@example.org,Standard,Kyle,Rogers,5407 Thompson Road Apt. 795,BC,Fredericton,5407 Thompson Road Apt. 795
8817,smithmichelle@example.com,Standard,Sarah,Barnett,26894 Krueger Coves Suite 364,ON,Toronto,26894 Krueger Coves Suite 364
7774,christy59@example.com,Premium,Stanley,Johnson,95783 Mclaughlin Mount Suite 528,QC,Ottawa,95783 Mclaughlin Mount Suite 528
8642,lisa08@example.org,Standard,Andrew,Stevens,5691 Richard Pike Suite 825,NS,Halifax,5691 Richard Pike Suite 825
8839,bwilliams@example.org,Standard,Cynthia,Smith,15463 John Plains,NB,Kingston,15463 John Plains
2030,richardsmith@example.net,Standard,Benjamin,Carpenter,89998 Baker Plaza Suite 537,NU,Calgary,89998 Baker Plaza Suite 537
4924,mirandapatricia@example.net,Premium,Jill,Bowen,87822 Eddie Ridge Apt. 482,SK,Kingston,87822 Eddie Ridge Apt. 482
7954,bakercaitlin@example.net,Premium,Stephanie,Richardson,634 Mendoza Park,PE,Victoria,634 Mendoza Park
6323,elliscatherine@example.com,Premium,Andrew,Nichols,6465 Bright Plaza,BC,Fredericton,6465 Bright Plaza
6900,darryl71@example.org,Standard,Brian,Campos,5988 Gary Unions Suite 318,QC,Edmonton,5988 Gary Unions Suite 318
9721,brittanysmith@example.net,Standard,Scott,Edwards,149 Johnson Keys Apt. 331,NB,Windsor,149 Johnson Keys Apt. 331
6680,dennischarles@example.com,Standard,Frank,Young,6455 Tate Pass,MB,Winnipeg,6455 Tate Pass
246,qferguson@example.net,Premium,Leonard,Hernandez,2528 Joseph Brooks,PE,Saskatoon,2528 Joseph Brooks
4387,nguyengina@example.com,Standard,Donald,Jenkins,835 Elizabeth Fall,AB,Nanaimo,835 Elizabeth Fall
592,xbaker@example.com,Premium,Tiffany,Davis,6283 Melissa Ranch Suite 938,QC,Iqaluit,6283 Melissa Ranch Suite 938
7537,gmalone@example.net,Premium,Denise,Shea,0120 Escobar Pass Suite 020,BC,Abbotsford,0120 Escobar Pass Suite 020
4518,ericrobinson@example.com,Premium,Angela,Mcdonald,8825 Robin Stream,PE,Yellowknife,8825 Robin Stream
1278,robert07@example.org,Premium,Pamela,Ramos,779 Adkins Field,NL,Halifax,779 Adkins Field
1651,nparks@example.net,Premium,Kathleen,Osborne,3706 Jamie Parkways Apt. 437,SK,Kamloops,3706 Jamie Parkways Apt. 437
8330,rodneypeterson@example.org,Standard,Kristi,Smith,2101 Michelle Ridge Apt. 346,PE,Quebec City,2101 Michelle Ridge Apt. 346
3051,alopez@example.org,Premium,Edward,Bridges,666 Carson Lakes Suite 625,ON,Thunder Bay,666 Carson Lakes Suite 625
825,brenda63@example.com,Premium,Jill,Rodriguez,1788 Ashley Light Apt. 706,MB,Vancouver,1788 Ashley Light Apt. 706
9552,fkane@example.net,Standard,Allen,Carney,76963 Calhoun Fords Suite 097,MB,Victoria,76963 Calhoun Fords Suite 097
5029,elizabeth24@example.org,Premium,Craig,Johnson,162 Copeland Tunnel Apt. 368,SK,Thunder Bay,162 Copeland Tunnel Apt. 368
3579,kdavidson@example.net,Premium,Christine,Kennedy,89111 Michael Junction,SK,Kamloops,89111 Michael Junction
624,christopherjackson@example.org,Premium,Carmen,Anderson,077 Chaney Path Suite 222,NU,Kamloops,077 Chaney Path Suite 222
1885,wwilkerson@example.net,Premium,Lawrence,Anderson,728 Nicolas Ridge,ON,Oshawa,728 Nicolas Ridge
5419,wcolon@example.com,Premium,Keith,Malone,959 Alvarez Brooks Suite 213,BC,Sudbury,959 Alvarez Brooks Suite 213
373,reillyandrea@example.net,Premium,Angela,Charles,4277 Richard Mall,NT,Regina,4277 Richard Mall
9464,codysmith@example.org,Standard,Jeffrey,Byrd,620 Lauren Fall,PE,Fredericton,620 Lauren Fall
8063,arodriguez@example.net,Standard,Paul,Hansen,018 Castro Landing,NS,Windsor,018 Castro Landing
1629,rhoward@example.net,Standard,Thomas,Estrada,794 Alan Track,ON,Vancouver,794 Alan Track
7542,glennvincent@example.com,Standard,Kelly,Bates,5080 Mary Mill,NT,Victoria,5080 Mary Mill
3081,mannandrew@example.com,Standard,Edward,Harris,23715 Michael Spring,MB,Halifax,23715 Michael Spring
3363,wwilson@example.net,Standard,Howard,Vaughn,43035 Smith Landing Apt. 204,AB,Toronto,43035 Smith Landing Apt. 204
5717,uchristensen@example.org,Premium,Erin,Summers,013 Mcgee Ridge Suite 424,YT,Sudbury,013 Mcgee Ridge Suite 424
5054,jeffery14@example.org,Premium,Robin,Young,11694 Sara Causeway Suite 164,MB,Victoria,11694 Sara Causeway Suite 164
5103,ywilson@example.net,Premium,Kelsey,Hill,609 Gibson Stravenue Suite 388,NL,Windsor,609 Gibson Stravenue Suite 388
1553,sara81@example.com,Premium,Oscar,Ritter,6416 Tony Trace,BC,Fredericton,6416 Tony Trace
6471,cgreene@example.org,Premium,Samantha,Hobbs,45499 Melissa Center Apt. 364,NU,Montreal,45499 Melissa Center Apt. 364
3835,dillonjill@example.net,Standard,Ashley,Brown,258 Nelson Divide Suite 486,BC,Hamilton,258 Nelson Divide Suite 486
8998,clarkjessica@example.com,Standard,Jamie,Rodriguez,699 Cynthia Stream Suite 411,PE,Hamilton,699 Cynthia Stream Suite 411
5230,robinsonraymond@example.net,Standard,Penny,Martinez,438 Abigail Squares,NS,Abbotsford,438 Abigail Squares
8584,sbaxter@example.com,Premium,Erin,Brown,519 Sarah Run Apt. 874,NB,Abbotsford,519 Sarah Run Apt. 874
5006,uevans@example.com,Premium,Amanda,Harmon,1687 Collins Drives Apt. 766,YT,Halifax,1687 Collins Drives Apt. 766
8066,amberscott@example.org,Premium,Kimberly,Anderson,761 Donna Villages Apt. 857,NB,Ottawa,761 Donna Villages Apt. 857
4571,nicholejohnson@example.net,Premium,Scott,Elliott,5303 Wilson Route,NB,Kingston,5303 Wilson Route
5215,sharon58@example.net,Standard,Douglas,French,80193 Nathan Isle Suite 577,ON,Kitchener,80193 Nathan Isle Suite 577
9394,schmidtcolleen@example.net,Standard,Austin,Logan,2324 Mark Circle Apt. 817,NU,Calgary,2324 Mark Circle Apt. 817
4114,oliviajackson@example.net,Premium,Angela,Campbell,69921 Marcia Lakes Apt. 800,NU,Regina,69921 Marcia Lakes Apt. 800
1439,walkerjames@example.com,Standard,Matthew,Bennett,12978 Johnson Run,NU,Calgary,12978 Johnson Run
7707,jeffrey81@example.com,Premium,George,Cannon,989 Eaton Mall Apt. 784,NS,Regina,989 Eaton Mall Apt. 784
8042,victor08@example.com,Premium,Joseph,Carter,66855 Jeremiah Mall,NU,Kingston,66855 Jeremiah Mall
9781,pkelley@example.org,Premium,Anita,Villarreal,60269 Martinez Common,NU,Quebec City,60269 Martinez Common
3902,lrodriguez@example.org,Premium,Catherine,Bridges,77142 Erica Crossing,NT,Kamloops,77142 Erica Crossing
604,pateldaniel@example.net,Premium,Gina,Gould,5641 Rhonda Pass,BC,Regina,5641 Rhonda Pass
8993,morganmatthew@example.com,Standard,Dean,Robinson,59360 Taylor Harbors,NS,Regina,59360 Taylor Harbors
2065,jonesamber@example.net,Premium,Timothy,Mora,40045 Kimberly Forge,NB,Edmonton,40045 Kimberly Forge
2937,staceymann@example.com,Premium,Ryan,Barker,019 Wise Unions,PE,Fredericton,019 Wise Unions
7058,andrewdavis@example.org,Standard,Heather,Bates,36258 Melissa Turnpike,AB,Montreal,36258 Melissa Turnpike
4292,smithjonathan@example.com,Standard,Amy,George,513 Michael Point,NT,Windsor,513 Michael Point
9945,jared83@example.org,Premium,Amanda,Snow,13225 Johnson Track,YT,Kitchener,13225 Johnson Track
2587,travis41@example.org,Standard,Jeffrey,Wallace,66192 Martin Rapids,MB,Windsor,66192 Martin Rapids
1089,freyelizabeth@example.com,Standard,Travis,Dillon,7672 Phillips Route,PE,Edmonton,7672 Phillips Route
2042,sarapetty@example.org,Standard,Autumn,Morales,58427 Garza Mills Suite 752,NT,Kitchener,58427 Garza Mills Suite 752
1125,pbest@example.net,Premium,William,Daniel,66385 Walters Isle,QC,Winnipeg,66385 Walters Isle
7439,christinabriggs@example.org,Premium,Lisa,Hicks,611 Fitzgerald Forest,BC,Nanaimo,611 Fitzgerald Forest
5513,harveyerica@example.org,Standard,James,Brown,01865 Larson Knolls Suite 624,MB,Saskatoon,01865 Larson Knolls Suite 624
7991,brettpollard@example.com,Premium,Cathy,Allen,629 Sharon Point,QC,Edmonton,629 Sharon Point
4443,nicholas03@example.org,Premium,Benjamin,Dixon,07659 Kerr Fall Suite 007,NT,Fredericton,07659 Kerr Fall Suite 007
5783,hudsonmary@example.com,Premium,Daniel,Brown,8246 Porter Via Suite 520,NT,Kelowna,8246 Porter Via Suite 520
4204,sheryl08@example.org,Premium,Hannah,Perry,3937 Thomas Manors Suite 202,YT,Thunder Bay,3937 Thomas Manors Suite 202
4975,qgraves@example.net,Premium,Jerry,Carroll,2915 Holland Station Suite 354,AB,Victoria,2915 Holland Station Suite 354
7967,washingtontoni@example.org,Standard,Jeffery,White,68150 Pollard Fields,MB,Abbotsford,68150 Pollard Fields
893,madison57@example.com,Standard,Bryan,Pitts,515 Dana Viaduct Apt. 863,NT,Windsor,515 Dana Viaduct Apt. 863
5404,heather91@example.net,Premium,Jessica,Scott,0098 King Underpass,NL,Vancouver,0098 King Underpass
5348,joseph58@example.net,Standard,Sue,Conner,49176 Hall Mission,BC,Thunder Bay,49176 Hall Mission
6539,bdyer@example.org,Standard,Alexander,Green,073 Ramsey Stravenue Suite 339,AB,Saskatoon,073 Ramsey Stravenue Suite 339
7353,jefflevy@example.com,Premium,Scott,Fisher,6217 Cooper Curve,PE,Iqaluit,6217 Cooper Curve
4001,fhoffman@example.com,Standard,Chelsea,Roberts,016 Chavez Stream Suite 693,NT,Yellowknife,016 Chavez Stream Suite 693
7080,serickson@example.com,Premium,Tracy,Mueller,83372 David Stravenue,NS,Kelowna,83372 David Stravenue
9175,kennethfarrell@example.net,Standard,Lauren,Ryan,0703 Johnson Vista,AB,Windsor,0703 Johnson Vista
7073,srosales@example.org,Standard,Carlos,Hernandez,615 Andrea Burg Apt. 825,NL,Toronto,615 Andrea Burg Apt. 825
9028,baileykristin@example.org,Standard,Stephanie,Moore,60147 Adams Row Suite 313,NT,Windsor,60147 Adams Row Suite 313
2598,jason56@example.com,Standard,Joshua,Wise,3096 Smith Street,NU,Regina,3096 Smith Street
9976,martinezcesar@example.org,Premium,Gabriela,Long,2912 Hobbs Course,NT,Kamloops,2912 Hobbs Course
8875,tinafisher@example.com,Premium,Michael,Mcneil,0576 Gordon Highway,BC,Oshawa,0576 Gordon Highway
7095,robinsondesiree@example.org,Premium,Charles,Knight,9862 Bryan Fort,PE,Quebec City,9862 Bryan Fort
1982,brad11@example.com,Standard,Javier,Gibson,4750 Tamara Cliffs,NU,Ottawa,4750 Tamara Cliffs
6702,john95@example.net,Premium,Jessica,Graham,0909 Newton Glen Suite 009,SK,Regina,0909 Newton Glen Suite 009
9574,william92@example.net,Standard,Wayne,Harris,38728 Miles Mountain Suite 955,YT,Kelowna,38728 Miles Mountain Suite 955
6836,mitchellbrenda@example.net,Premium,Danny,Craig,6424 Johnston Greens Apt. 270,QC,Oshawa,6424 Johnston Greens Apt. 270
1558,fitzpatrickdavid@example.org,Premium,Pamela,Holland,647 Lindsey Lights Suite 822,NL,Saskatoon,647 Lindsey Lights Suite 822
8333,lirickey@example.org,Premium,Ronnie,Alexander,66788 Bonilla Summit,YT,Windsor,66788 Bonilla Summit
5393,mrios@example.net,Premium,Marie,Love,060 Robinson Well Suite 712,MB,Victoria,060 Robinson Well Suite 712
6784,tyler18@example.net,Premium,Deborah,Combs,0551 Washington Harbor,MB,Regina,0551 Washington Harbor
4369,martinezsandra@example.net,Standard,Jamie,Burton,8756 Margaret Mountain,NS,Montreal,8756 Margaret Mountain
7403,vincentsmith@example.org,Premium,Kyle,Miller,676 Hunt Passage,PE,Halifax,676 Hunt Passage
3601,penny80@example.net,Standard,David,Prince,34320 Christopher Isle,ON,Calgary,34320 Christopher Isle
4478,kleinmaurice@example.com,Standard,Jennifer,Spears,234 Nguyen Shoal,SK,Hamilton,234 Nguyen Shoal
4485,qgonzalez@example.com,Standard,Misty,Miller,5602 White Gateway Apt. 286,QC,Fredericton,5602 White Gateway Apt. 286
4237,tammyadams@example.net,Standard,Steven,Beck,40907 Johnson Port Suite 280,NS,London,40907 Johnson Port Suite 280
8547,hickmanjennifer@example.com,Premium,Sean,Davis,64447 Brian Flats,NT,Regina,64447 Brian Flats
1269,bowersbarbara@example.org,Premium,Stephanie,Finley,13467 Rhonda Ford Apt. 525,SK,Iqaluit,13467 Rhonda Ford Apt. 525
1462,dhuffman@example.org,Premium,Jennifer,Howe,53279 Thomas Plaza,PE,Montreal,53279 Thomas Plaza
4106,jeffrey71@example.com,Standard,James,Johnson,5056 Jeffrey Fork Apt. 468,NT,Thunder Bay,5056 Jeffrey Fork Apt. 468
3446,sonya05@example.com,Standard,Barbara,Fuller,62096 Davies Springs Apt. 686,AB,Oshawa,62096 Davies Springs Apt. 686
4700,fletcherhoward@example.net,Standard,Alicia,Foley,2075 Austin Flats Apt. 600,AB,Edmonton,2075 Austin Flats Apt. 600
1405,brian24@example.org,Standard,Matthew,Welch,310 Rogers Trail,YT,Victoria,310 Rogers Trail
4993,kfoster@example.org,Standard,Mark,Li,1307 Phillips Grove,MB,Saskatoon,1307 Phillips Grove
1147,william71@example.org,Premium,Angela,Stevenson,9679 Tammy Land Apt. 357,MB,Kingston,9679 Tammy Land Apt. 357
6606,swade@example.net,Premium,David,Elliott,4844 Richards Fords Apt. 883,AB,Victoria,4844 Richards Fords Apt. 883
8693,tylerho@example.org,Premium,Alexis,Mckinney,020 Ayers Plaza,AB,Hamilton,020 Ayers Plaza
563,nicolerosario@example.net,Premium,Kevin,Dunn,809 Trevor Viaduct,ON,Kamloops,809 Trevor Viaduct
9668,gallagherdonald@example.org,Standard,Justin,Rice,53900 Curry View Suite 772,YT,Halifax,53900 Curry View Suite 772
4299,amandasanchez@example.com,Standard,Brittany,Adkins,8672 Marshall Station,NT,Toronto,8672 Marshall Station
5057,teresa19@example.org,Standard,Barry,Stewart,6665 Pratt Overpass,NL,Toronto,6665 Pratt Overpass
545,lmiranda@example.org,Premium,Paul,Ellis,5049 Sandra Pine,NB,Hamilton,5049 Sandra Pine
