employee_ID,f_Name,l_Name,role,work_email,lic_num,seniority_level
EMP771,Carolyn,Sanders,Management,ykemp@example.net,LIC-M-2026,Senior
EMP821,Tyler,Chandler,Management,cameronnathan@example.com,LIC-M-2176,Junior
EMP351,Charles,Day,Management,fbrowning@example.net,LIC-M-2872,Junior
EMP951,Kimberly,Thompson,Management,hilljerry@example.com,LIC-M-2063,Senior
EMP825,Natasha,Joyce,Management,wendyboyle@example.net,LIC-M-2604,Senior
EMP600,Alyssa,Gross,Management,rachaelwilcox@example.org,LIC-M-2338,Senior
EMP524,Regina,Snow,Management,ralph55@example.net,LIC-M-2264,Senior
EMP934,Scott,Mendez,Management,mwalker@example.net,LIC-M-2711,Director
EMP195,Brian,Moore,Management,chadsmith@example.net,LIC-M-2803,Junior
EMP787,Tracy,Blackwell,Management,timothy46@example.org,LIC-M-2422,Junior
EMP119,Kelly,Cox,Management,matthew64@example.net,LIC-M-2710,Senior
EMP477,Julia,Horn,Management,kimberlymiller@example.com,LIC-M-2708,Senior
EMP448,Scott,West,Management,acameron@example.org,LIC-M-2427,Senior
EMP451,David,Bridges,Management,kenneth18@example.com,LIC-M-2520,Senior
EMP556,Jason,Stone,Management,stacy52@example.com,LIC-M-2129,Director
EMP186,John,Hunter,Management,hbrown@example.net,LIC-M-2696,Senior
EMP972,Rose,Griffith,Management,igarcia@example.com,LIC-M-2505,Junior
EMP301,Lindsey,Walters,Management,william46@example.com,LIC-M-2174,Director
EMP185,Christopher,Robinson,Management,floreshannah@example.org,LIC-M-2786,Director
EMP413,Jasmin,Dorsey,Management,reidchristina@example.net,LIC-M-2560,Senior
EMP878,Daniel,Mitchell,Management,pamelaboyd@example.com,LIC-M-2866,Senior
EMP362,Donald,Wilson,Management,leeomar@example.net,LIC-M-2420,Junior
EMP350,Ashley,Jenkins,Management,debra52@example.org,LIC-M-2310,Junior
EMP433,Kara,Huffman,Management,gordonashlee@example.com,LIC-M-2850,Director
EMP708,Peter,Cole,Management,hdonovan@example.org,LIC-M-2562,Senior
EMP172,Brett,Silva,Management,ymiller@example.com,LIC-M-2037,Senior
EMP617,Aaron,Mack,Management,thomasthomas@example.com,LIC-M-2874,Senior
EMP740,Lindsey,Flores,Management,edwardsbrianna@example.org,LIC-M-2618,Director
EMP648,Tammy,Shepherd,Management,garciasusan@example.org,LIC-M-2246,Junior
EMP661,Jeffrey,Cruz,Management,leslie09@example.com,LIC-M-2007,Director
EMP532,John,Phillips,Management,jose67@example.net,LIC-M-2217,Director
EMP612,Erik,Johnson,Management,gabriellamorrow@example.com,LIC-M-2931,Senior
EMP177,Mary,Shaw,Management,vmartinez@example.net,LIC-M-2262,Senior
EMP706,Beverly,Wheeler,Management,jhale@example.com,LIC-M-2034,Director
EMP631,Paul,Warren,Management,smithbilly@example.com,LIC-M-2797,Director
EMP922,Michael,Bailey,Management,wyates@example.net,LIC-M-2475,Director
EMP217,Cameron,Roman,Management,yumatthew@example.net,LIC-M-2643,Director
EMP528,Patrick,Perry,Management,michael25@example.org,LIC-M-2966,Director
EMP535,Steven,Johnson,Management,edward63@example.com,LIC-M-2866,Director
EMP967,Jordan,Cameron,Management,briannachambers@example.org,LIC-M-2569,Junior
EMP592,Christopher,Wright,Management,zachary28@example.org,LIC-M-2275,Senior
EMP572,Ryan,Phillips,Management,annelong@example.com,LIC-M-2663,Junior
EMP107,Kurt,Olson,Management,vrodriguez@example.net,LIC-M-2809,Junior
EMP628,Jeffrey,Mitchell,Management,rickytorres@example.com,LIC-M-2062,Senior
EMP588,Julie,Carter,Management,kayla12@example.net,LIC-M-2176,Junior
EMP917,Lance,Morris,Management,joseph10@example.net,LIC-M-2847,Director
EMP698,Laura,Baker,Management,hensonanthony@example.net,LIC-M-2698,Senior
EMP673,Joanna,Hill,Management,frank73@example.com,LIC-M-2231,Director
EMP950,Emily,Riley,Management,alexandermarshall@example.com,LIC-M-2657,Director
EMP916,Daniel,Silva,Management,richsusan@example.org,LIC-M-2216,Junior
EMP367,George,Meadows,Management,carolcoleman@example.net,LIC-M-2220,Director
EMP915,Omar,Johnson,Management,marcus01@example.com,LIC-M-2024,Senior
EMP801,Anthony,Snyder,Management,youngjulia@example.com,LIC-M-2432,Senior
EMP353,Victoria,Rose,Management,vasquezmaria@example.com,LIC-M-2713,Senior
EMP794,Natasha,Dickson,Management,elizabeth11@example.com,LIC-M-2455,Senior
EMP210,Michele,Rogers,Management,hallbarry@example.org,LIC-M-2493,Junior
EMP764,Robert,Johnson,Management,kimberly13@example.com,LIC-M-2631,Senior
EMP623,Samantha,Sanders,Management,alexandercastillo@example.org,LIC-M-2761,Senior
EMP892,Grant,Warren,Management,daviswilliam@example.net,LIC-M-2673,Director
EMP982,Brooke,Williams,Management,charlesmaxwell@example.com,LIC-M-2357,Senior
EMP578,Ashley,Collins,Management,jeffreyclark@example.com,LIC-M-2490,Junior
EMP418,Mary,Sanders,Management,melaniewhite@example.org,LIC-M-2878,Director
EMP345,Andre,Beasley,Management,williamsdavid@example.net,LIC-M-2535,Senior
EMP583,Michael,Sanchez,Management,ecollins@example.net,LIC-M-2862,Junior
EMP150,Benjamin,Mccarthy,Management,priscilla16@example.com,LIC-M-2437,Junior
EMP431,Carlos,Miles,Management,amanda97@example.net,LIC-M-2825,Director
EMP169,Gregory,Conner,Management,nknox@example.net,LIC-M-2497,Director
EMP713,Carolyn,Powell,Management,ccampbell@example.com,LIC-M-2540,Senior
EMP372,Travis,Dennis,Management,boltonbrenda@example.org,LIC-M-2170,Senior
EMP344,Michael,Espinoza,Management,keithpope@example.com,LIC-M-2414,Director
EMP616,Kari,Davis,Management,murillokurt@example.net,LIC-M-2933,Junior
EMP507,Karen,Hall,Management,morgantate@example.net,LIC-M-2848,Director
EMP769,Stephanie,Jordan,Management,smccormick@example.net,LIC-M-2696,Director
EMP758,Dennis,Lewis,Management,bautistamichelle@example.net,LIC-M-2187,Junior
EMP487,Amy,Evans,Management,pkeith@example.org,LIC-M-2957,Director
EMP929,Nicholas,Wilson,Management,austin74@example.net,LIC-M-2528,Senior
EMP744,Maria,Rivera,Management,salinaspatricia@example.com,LIC-M-2006,Junior
EMP370,William,Wilson,Management,yhenderson@example.org,LIC-M-2101,Senior
EMP554,Brandon,Ashley,Management,jeffreywood@example.org,LIC-M-2415,Junior
EMP208,Renee,Jenkins,Management,swoods@example.net,LIC-M-2280,Senior
EMP502,Elizabeth,Pennington,Management,mnichols@example.com,LIC-M-2414,Junior
EMP271,Rebecca,Garza,Management,anthonymelissa@example.com,LIC-M-2080,Director
EMP109,Joshua,Galloway,Management,loretta60@example.org,LIC-M-2439,Junior
EMP654,Maria,Brown,Management,william66@example.net,LIC-M-2429,Director
EMP975,Karen,Oneill,Management,kelleyjohnathan@example.com,LIC-M-2250,Senior
EMP663,James,Hughes,Management,lgutierrez@example.com,LIC-M-2361,Senior
EMP751,David,Brooks,Management,zjohnson@example.org,LIC-M-2608,Junior
EMP988,Ashley,Cummings,Management,qalvarez@example.com,LIC-M-2784,Junior
EMP459,Maria,Adams,Management,danielle21@example.com,LIC-M-2514,Director
EMP707,Mario,Williams,Management,palmerkristy@example.net,LIC-M-2077,Senior
EMP679,John,Soto,Management,brucegarza@example.com,LIC-M-2384,Senior
EMP733,Curtis,Lamb,Management,david86@example.com,LIC-M-2640,Director
EMP530,Samantha,Anderson,Management,afrazier@example.org,LIC-M-2419,Director
EMP999,Sarah,Bailey,Management,yhanson@example.net,LIC-M-2327,Junior
EMP909,Kelsey,Cole,Management,cwright@example.net,LIC-M-2760,Junior
EMP615,Katie,Odom,Management,wangmicheal@example.org,LIC-M-2923,Junior
EMP668,Maureen,Hernandez,Management,selenaayala@example.com,LIC-M-2347,Junior
EMP287,Paul,Thomas,Management,kimjason@example.net,LIC-M-2345,Junior
EMP533,Travis,Sweeney,Management,nfrench@example.org,LIC-M-2439,Director
EMP110,Anthony,Adams,Management,melanie57@example.com,LIC-M-2795,Junior
EMP580,Laura,Cherry,Management,gina46@example.net,LIC-M-2504,Junior
EMP361,William,Vega,Management,erica48@example.com,LIC-M-2664,Junior
EMP908,Jessica,Barron,Management,martinnatalie@example.net,LIC-M-2425,Junior
EMP417,Christian,Ali,Management,brendaortiz@example.org,LIC-M-2052,Senior
EMP971,Andrew,Hernandez,Management,amy14@example.net,LIC-M-2727,Junior
EMP231,Robert,Rodriguez,Management,ashley58@example.org,LIC-M-2406,Junior
EMP385,Sean,Spencer,Management,griffithwilliam@example.org,LIC-M-2289,Junior
EMP721,Gregory,Yang,Management,santiagotaylor@example.net,LIC-M-2235,Senior
EMP227,Bruce,King,Management,zvillanueva@example.net,LIC-M-2268,Senior
EMP842,Patrick,Perez,Management,nharris@example.net,LIC-M-2597,Senior
EMP333,Cynthia,Briggs,Management,reevesarthur@example.net,LIC-M-2776,Director
EMP685,Rebecca,Molina,Management,elizabeth46@example.com,LIC-M-2377,Senior
EMP373,Brent,Jones,Management,nsanchez@example.com,LIC-M-2640,Senior
EMP101,Deborah,Trujillo,Management,jimenezjoseph@example.com,LIC-M-2423,Senior
EMP814,Shannon,Turner,Management,davidmeyer@example.net,LIC-M-2971,Junior
EMP288,Lisa,Gallagher,Management,katrinatran@example.net,LIC-M-2890,Director
EMP991,Leslie,Frazier,Management,ryan18@example.org,LIC-M-2662,Senior
EMP678,Kelly,Baker,Management,alexis16@example.net,LIC-M-2121,Senior
EMP961,David,Chambers,Management,charlesmiller@example.net,LIC-M-2580,Director
EMP702,Jessica,Wiggins,Management,blankenshipkenneth@example.org,LIC-M-2263,Senior
EMP230,Sarah,Johnson,Management,danielle94@example.org,LIC-M-2995,Junior
EMP293,Brian,Greene,Management,tammy69@example.org,LIC-M-2876,Junior
EMP136,Madison,Grant,Management,jlynch@example.org,LIC-M-2966,Director
EMP848,Devon,Atkinson,Management,fwhite@example.net,LIC-M-2132,Director
EMP194,Joseph,Stephens,Management,qbuck@example.net,LIC-M-2375,Junior
EMP643,Jessica,Lynch,Management,heatherwalker@example.org,LIC-M-2944,Director
EMP178,Clifford,Barnes,Management,kylewilson@example.com,LIC-M-2389,Director
EMP241,Shirley,Chambers,Management,james90@example.net,LIC-M-2113,Junior
EMP249,Donald,Mendoza,Management,charles76@example.net,LIC-M-2791,Director
EMP175,Christopher,Ramos,Management,peter72@example.org,LIC-M-2626,Junior
EMP162,Sheri,Good,Management,juliemartin@example.com,LIC-M-2308,Director
EMP604,Christina,Flores,Management,juanford@example.net,LIC-M-2244,Junior
EMP184,Emily,Neal,Management,timothydelacruz@example.org,LIC-M-2678,Senior
EMP321,Jocelyn,Farmer,Management,amy17@example.com,LIC-M-2164,Junior
EMP872,Jeff,James,Management,vanessa06@example.com,LIC-M-2687,Senior
EMP624,Peggy,Davis,Management,george23@example.com,LIC-M-2367,Junior
EMP757,Andrew,Rice,Management,bgray@example.net,LIC-M-2929,Junior
EMP275,Elizabeth,Davis,Management,brandtdonald@example.com,LIC-M-2804,Director
EMP690,Tara,Li,Management,ycardenas@example.com,LIC-M-2895,Junior
EMP802,Michael,Collins,Management,zbaker@example.org,LIC-M-2334,Junior
EMP691,Andrea,Winters,Management,xcook@example.com,LIC-M-2502,Junior
EMP285,Cory,Davis,Management,scottrocha@example.org,LIC-M-2505,Junior
EMP652,Melanie,Suarez,Management,larrywilliams@example.net,LIC-M-2122,Senior
EMP455,Robert,Lowe,Management,james54@example.com,LIC-M-2212,Director
EMP778,Debra,Harmon,Management,kcaldwell@example.org,LIC-M-2608,Senior
EMP386,Heidi,Fields,Management,jamesbradshaw@example.com,LIC-M-2691,Senior
EMP310,Tina,Schultz,Management,gtrujillo@example.com,LIC-M-2363,Senior
EMP464,John,Villa,Management,cantujulie@example.org,LIC-M-2665,Director
EMP247,Michael,Burns,Management,peterespinoza@example.net,LIC-M-2625,Junior
EMP602,Steven,Wilson,Management,johnsonjames@example.org,LIC-M-2484,Junior
EMP816,James,Webster,Management,kellygrace@example.net,LIC-M-2814,Junior
EMP508,John,Berry,Management,lnelson@example.org,LIC-M-2086,Senior
EMP711,Daniel,Wilson,Management,petersashley@example.com,LIC-M-2259,Senior
EMP216,Michael,Howell,Management,diane37@example.org,LIC-M-2072,Senior
EMP518,Kristy,Martin,Management,agibson@example.org,LIC-M-2237,Junior
EMP322,Jeanette,Mcpherson,Management,adamsmichelle@example.net,LIC-M-2373,Senior
EMP964,Jennifer,Nguyen,Management,lisa51@example.org,LIC-M-2900,Senior
EMP463,Anita,Mueller,Management,bcampbell@example.org,LIC-M-2567,Senior
EMP496,Eric,Armstrong,Management,ppeterson@example.net,LIC-M-2609,Director
EMP446,Patrick,House,Management,tracy64@example.org,LIC-M-2708,Junior
EMP639,Eric,Matthews,Management,adam07@example.org,LIC-M-2299,Director
EMP253,George,Parker,Management,fritznicole@example.net,LIC-M-2158,Junior
EMP837,Melissa,Carlson,Management,robert16@example.org,LIC-M-2353,Junior
EMP504,Andrea,Ross,Management,jacksonjacqueline@example.net,LIC-M-2205,Senior
EMP705,Julia,Randall,Management,andrewbrown@example.net,LIC-M-2434,Junior
EMP998,Linda,Miller,Management,leonjason@example.org,LIC-M-2642,Junior
EMP191,Diana,Wilson,Management,iperry@example.org,LIC-M-2210,Senior
EMP877,Richard,Miller,Management,alvarezallen@example.org,LIC-M-2899,Senior
EMP832,Daniel,Ramos,Management,markmorris@example.org,LIC-M-2824,Director
EMP540,Christian,Schwartz,Management,lynn45@example.net,LIC-M-2774,Senior
EMP775,Lindsey,Smith,Management,lawrence30@example.net,LIC-M-2235,Director
EMP694,Douglas,Murillo,Management,harrisonmichael@example.com,LIC-M-2929,Director
EMP544,Joann,Jones,Management,dhayes@example.org,LIC-M-2339,Director
EMP264,James,Walker,Management,meaganschultz@example.net,LIC-M-2789,Junior
EMP672,Lori,Morgan,Management,sarahsmith@example.com,LIC-M-2909,Director
EMP393,Andrea,Henderson,Management,donald75@example.com,LIC-M-2872,Junior
EMP215,Brooke,King,Management,ccooper@example.net,LIC-M-2259,Junior
EMP836,Stacey,Chandler,Management,laurengomez@example.org,LIC-M-2751,Director
EMP317,April,Johnson,Management,robertswilliam@example.com,LIC-M-2714,Senior
EMP198,Anna,Hicks,Management,derekolson@example.com,LIC-M-2531,Senior
EMP924,Mark,Edwards,Management,jerry21@example.com,LIC-M-2972,Junior
EMP902,Eileen,Fry,Management,butlerjessica@example.net,LIC-M-2835,Senior
EMP827,Pamela,Owens,Management,edwarddaniels@example.org,LIC-M-2016,Director
EMP573,Richard,Valencia,Management,samanthanelson@example.org,LIC-M-2569,Senior
EMP925,Michael,Richards,Management,bsmith@example.net,LIC-M-2680,Junior
EMP987,Christopher,Russell,Management,osanders@example.com,LIC-M-2685,Senior
EMP747,Christopher,Nolan,Management,lharrison@example.com,LIC-M-2338,Director
EMP461,Timothy,Diaz,Management,hsummers@example.net,LIC-M-2080,Junior
EMP725,Robin,Campos,Management,bguzman@example.org,LIC-M-2496,Senior
EMP272,Rebecca,Buck,Management,ryanmeyer@example.org,LIC-M-2467,Director
EMP911,Daniel,Smith,Management,epeterson@example.com,LIC-M-2316,Junior
EMP782,Gregory,Mclean,Management,james58@example.com,LIC-M-2520,Senior
EMP429,Julie,Hanson,Management,wilsonalejandro@example.net,LIC-M-2674,Director
EMP130,Joel,Jones,Management,saraosborn@example.org,LIC-M-2160,Junior
EMP509,Donna,Rivera,Management,ulewis@example.net,LIC-M-2944,Junior
EMP166,Timothy,Jackson,Management,nthomas@example.net,LIC-M-2912,Junior
EMP884,Edward,Miller,Management,jessica03@example.net,LIC-M-2392,Senior
EMP176,Daniel,Brown,Management,dgoodman@example.net,LIC-M-2501,Director
EMP497,Trevor,Allen,Management,edward97@example.com,LIC-M-2099,Junior
EMP284,Patricia,Pope,Management,xwright@example.org,LIC-M-2820,Senior
EMP134,Cheyenne,Patton,Technician,donna32@example.net,LIC-T-1667,Junior
EMP811,Paula,Scott,Lead_Tech,waltersstacie@example.com,LIC-T-1942,Senior
EMP514,Melissa,Yang,Supervisor_Tech,wharper@example.org,LIC-T-1278,Senior
EMP862,James,Morrison,Lead_Tech,teresa86@example.net,LIC-T-1183,Senior
EMP149,Dorothy,Carter,Lead_Tech,tcraig@example.net,LIC-T-1894,Senior
EMP291,David,Watson,Supervisor_Tech,carterrachel@example.org,LIC-T-1152,Senior
EMP638,Ashley,Stevens,Supervisor_Tech,perrykevin@example.com,LIC-T-1187,Senior
EMP792,Valerie,Lopez,Technician,nguyenmelissa@example.com,LIC-T-1933,Mid
EMP890,Alexa,Jacobs,Technician,kimberlytaylor@example.net,LIC-T-1208,Mid
EMP229,Justin,Long,Technician,deborahhopkins@example.org,LIC-T-1156,Mid
EMP755,Eric,Edwards,Supervisor_Tech,banderson@example.net,LIC-T-1098,Senior
EMP873,Thomas,Foster,Lead_Tech,christineabbott@example.org,LIC-T-1774,Senior
EMP868,Joshua,Burton,Technician,xperez@example.net,LIC-T-1135,Mid
EMP326,Kelsey,Santana,Technician,clairewilliams@example.org,LIC-T-1822,Junior
EMP313,James,Powers,Lead_Tech,oparks@example.net,LIC-T-1405,Senior
EMP618,Christopher,Harrison,Technician,wilsonamanda@example.com,LIC-T-1736,Junior
EMP426,Andrea,Ramos,Lead_Tech,denisegilbert@example.net,LIC-T-1624,Senior
EMP559,Jessica,Lyons,Lead_Tech,vanessa95@example.net,LIC-T-1316,Senior
EMP492,Nicholas,Scott,Technician,steven79@example.net,LIC-T-1932,Mid
EMP557,Andrea,Martinez,Technician,pwilliams@example.net,LIC-T-1402,Mid
EMP138,Olivia,Lane,Lead_Tech,cathycampbell@example.org,LIC-T-1251,Senior
EMP829,Claudia,Hernandez,Supervisor_Tech,jhuff@example.com,LIC-T-1094,Senior
EMP979,Robin,Mckinney,Technician,karen30@example.org,LIC-T-1918,Junior
EMP224,Matthew,Taylor,Technician,ryanhill@example.org,LIC-T-1095,Mid
EMP158,Michael,Clark,Supervisor_Tech,ogomez@example.com,LIC-T-1270,Senior
EMP258,Andrew,Jones,Supervisor_Tech,gouldjasmine@example.org,LIC-T-1675,Senior
EMP303,Allison,Hayes,Lead_Tech,kellylarry@example.org,LIC-T-1939,Senior
EMP919,Lisa,Ramirez,Technician,lloydmitchell@example.org,LIC-T-1445,Mid
EMP437,Brooke,Villanueva,Technician,darrylflynn@example.org,LIC-T-1284,Junior
EMP380,Mark,Duran,Supervisor_Tech,pierceronald@example.com,LIC-T-1517,Senior
EMP920,Andre,Cannon,Technician,lucas22@example.net,LIC-T-1701,Mid
EMP168,Dylan,Owens,Lead_Tech,weaverwilliam@example.net,LIC-T-1436,Senior
EMP129,Ryan,Lewis,Lead_Tech,caleb23@example.org,LIC-T-1659,Senior
EMP553,Tara,Ball,Supervisor_Tech,guy23@example.org,LIC-T-1231,Senior
EMP560,Meredith,Hart,Supervisor_Tech,douglasramirez@example.com,LIC-T-1971,Senior
EMP378,Justin,Reyes,Lead_Tech,brenda94@example.org,LIC-T-1722,Senior
EMP112,William,Johnson,Supervisor_Tech,iwilson@example.net,LIC-T-1368,Senior
EMP954,Stephanie,Jones,Lead_Tech,lindseywalker@example.org,LIC-T-1646,Senior
EMP548,Andrew,Boone,Technician,aaronhoward@example.net,LIC-T-1801,Junior
EMP267,Michael,Andrews,Supervisor_Tech,srojas@example.com,LIC-T-1773,Senior
EMP331,Patrick,Reed,Lead_Tech,adam98@example.com,LIC-T-1572,Senior
EMP409,Stephen,Parks,Lead_Tech,gonzalessarah@example.net,LIC-T-1434,Senior
EMP302,Meghan,Paul,Lead_Tech,amurray@example.net,LIC-T-1349,Senior
EMP709,Crystal,Greene,Lead_Tech,jjones@example.com,LIC-T-1655,Senior
EMP336,Christine,Bender,Technician,michellemiller@example.net,LIC-T-1480,Junior
EMP424,Daniel,Watkins,Technician,wmosley@example.com,LIC-T-1191,Junior
EMP627,Jared,Smith,Lead_Tech,browncassidy@example.com,LIC-T-1297,Senior
EMP907,Michael,Gray,Lead_Tech,kevin57@example.com,LIC-T-1182,Senior
EMP259,Karen,Swanson,Technician,janespears@example.org,LIC-T-1194,Junior
EMP910,Jonathan,Hughes,Lead_Tech,benjamin24@example.org,LIC-T-1614,Senior
EMP977,Keith,Jensen,Supervisor_Tech,tammie85@example.org,LIC-T-1670,Senior
EMP726,Eddie,Johnston,Technician,alexandrascott@example.com,LIC-T-1574,Junior
EMP220,Megan,Wright,Supervisor_Tech,normajohnson@example.org,LIC-T-1060,Senior
EMP498,Brian,Savage,Supervisor_Tech,chelsea05@example.com,LIC-T-1878,Senior
EMP918,Mark,Sullivan,Supervisor_Tech,vmeyers@example.net,LIC-T-1888,Senior
EMP545,Jenna,Hawkins,Supervisor_Tech,williamsscott@example.net,LIC-T-1873,Senior
EMP770,Kevin,Williams,Technician,rebeccajacobs@example.com,LIC-T-1052,Mid
EMP453,Deborah,Austin,Lead_Tech,harveydebra@example.net,LIC-T-1868,Senior
EMP489,Wendy,Livingston,Lead_Tech,xhouston@example.com,LIC-T-1809,Senior
EMP860,Robin,Rose,Technician,qmason@example.net,LIC-T-1688,Junior
EMP906,Carolyn,Wilson,Technician,herrerabrooke@example.net,LIC-T-1246,Junior
EMP606,Charles,Payne,Supervisor_Tech,benglish@example.net,LIC-T-1790,Senior
EMP932,Victoria,Brown,Lead_Tech,griffithstephanie@example.org,LIC-T-1283,Senior
EMP440,Cheryl,Lee,Lead_Tech,uwhite@example.com,LIC-T-1069,Senior
EMP501,Gloria,Miller,Lead_Tech,dianadiaz@example.com,LIC-T-1794,Senior
EMP681,Michael,Lopez,Technician,meyerdonald@example.net,LIC-T-1237,Mid
EMP474,Lynn,Summers,Supervisor_Tech,xadams@example.com,LIC-T-1120,Senior
EMP835,Kristy,Hughes,Supervisor_Tech,ethompson@example.org,LIC-T-1868,Senior
EMP786,Jeremy,Lara,Technician,richardalexander@example.org,LIC-T-1944,Mid
EMP106,John,Prince,Supervisor_Tech,taylormorrison@example.net,LIC-T-1205,Senior
EMP160,Gregory,Miller,Technician,brucewashington@example.net,LIC-T-1828,Mid
EMP146,Kayla,West,Lead_Tech,lederek@example.org,LIC-T-1471,Senior
EMP295,Theresa,Jones,Technician,norman12@example.org,LIC-T-1069,Junior
EMP299,Dawn,Logan,Supervisor_Tech,zgarcia@example.com,LIC-T-1301,Senior
EMP173,Justin,Wilson,Technician,kelly76@example.org,LIC-T-1741,Junior
EMP669,Linda,Thomas,Supervisor_Tech,romerojason@example.com,LIC-T-1294,Senior
EMP399,Michael,Martinez,Lead_Tech,henrynoah@example.net,LIC-T-1712,Senior
EMP655,Chad,Bell,Technician,heatherkeller@example.com,LIC-T-1868,Mid
EMP332,Danielle,Gray,Lead_Tech,justin36@example.org,LIC-T-1919,Senior
EMP225,Jessica,Chase,Lead_Tech,sarahshort@example.net,LIC-T-1792,Senior
EMP338,Anna,Santana,Supervisor_Tech,williamrivera@example.org,LIC-T-1074,Senior
EMP724,Wendy,Crawford,Supervisor_Tech,benjamin79@example.com,LIC-T-1599,Senior
EMP406,Richard,White,Technician,gutierrezalyssa@example.net,LIC-T-1345,Mid
EMP599,Julie,Davis,Lead_Tech,kathleen71@example.org,LIC-T-1536,Senior
EMP513,Teresa,Cobb,Supervisor_Tech,smithdonna@example.org,LIC-T-1811,Senior
EMP644,Donna,Jackson,Supervisor_Tech,uwells@example.com,LIC-T-1227,Senior
EMP595,Rachel,Le,Supervisor_Tech,jamesfoley@example.net,LIC-T-1533,Senior
EMP626,Wayne,Cordova,Supervisor_Tech,wallcorey@example.com,LIC-T-1389,Senior
EMP228,Chad,Garrett,Technician,fgutierrez@example.org,LIC-T-1182,Mid
EMP491,Chris,Rodriguez,Supervisor_Tech,christopher07@example.com,LIC-T-1704,Senior
EMP539,Amanda,Wright,Technician,mayomarissa@example.net,LIC-T-1540,Mid
EMP727,Patricia,George,Supervisor_Tech,vbrewer@example.com,LIC-T-1041,Senior
EMP695,Mario,Gregory,Technician,kellyjeff@example.org,LIC-T-1806,Junior
EMP854,Theresa,Patton,Technician,derrick88@example.net,LIC-T-1173,Mid
EMP368,Dale,Griffith,Technician,christopher76@example.org,LIC-T-1575,Mid
EMP893,Edward,Snyder,Supervisor_Tech,ryansanchez@example.org,LIC-T-1989,Senior
EMP766,James,Walker,Lead_Tech,scottshelby@example.org,LIC-T-1266,Senior
EMP710,Hayley,Kennedy,Supervisor_Tech,bankskelly@example.net,LIC-T-1053,Senior
EMP790,Kristi,Larson,Lead_Tech,kathleen93@example.org,LIC-T-1165,Senior
EMP959,Tina,Davis,Technician,ianshaw@example.org,LIC-T-1299,Junior
EMP981,Nancy,Cortez,Lead_Tech,rachelmoore@example.org,LIC-T-1928,Senior
EMP251,Jeffrey,Gonzalez,Lead_Tech,sharon81@example.com,LIC-T-1396,Senior
EMP365,Kathryn,Yoder,Lead_Tech,robertschwartz@example.com,LIC-T-1409,Senior
EMP115,Hayden,Hartman,Lead_Tech,danielmiles@example.net,LIC-T-1738,Senior
EMP742,Zachary,Salazar,Supervisor_Tech,cabrerajonathan@example.org,LIC-T-1751,Senior
EMP151,Stephen,Lutz,Supervisor_Tech,mahoneylisa@example.com,LIC-T-1166,Senior
EMP449,Teresa,Oneill,Technician,suarezteresa@example.net,LIC-T-1650,Junior
EMP887,Omar,Hoover,Technician,richardsonjulia@example.net,LIC-T-1882,Mid
EMP720,James,Peterson,Technician,lauraolsen@example.org,LIC-T-1065,Junior
EMP471,Kristin,Taylor,Technician,kyle17@example.net,LIC-T-1948,Mid
EMP286,Kathy,Hudson,Supervisor_Tech,michael77@example.net,LIC-T-1693,Senior
EMP289,Katherine,Smith,Supervisor_Tech,xavier65@example.com,LIC-T-1477,Senior
EMP328,Katie,Ortiz,Lead_Tech,dmiller@example.org,LIC-T-1753,Senior
EMP341,Robert,Jackson,Supervisor_Tech,tammy17@example.com,LIC-T-1518,Senior
EMP960,Gloria,Herman,Supervisor_Tech,kennedybrandy@example.org,LIC-T-1043,Senior
EMP773,Jamie,Scott,Technician,jordantodd@example.net,LIC-T-1105,Mid
EMP213,Becky,Mcgee,Lead_Tech,zacharymorgan@example.com,LIC-T-1636,Senior
EMP174,Mark,Jordan,Technician,johnsmith@example.com,LIC-T-1564,Mid
EMP550,Victoria,Mcknight,Lead_Tech,cgarcia@example.org,LIC-T-1349,Senior
EMP246,Andrew,Jackson,Supervisor_Tech,ochoaholly@example.net,LIC-T-1568,Senior
EMP519,Brenda,Hobbs,Lead_Tech,dyerjeremiah@example.net,LIC-T-1055,Senior
EMP645,Richard,Ellis,Supervisor_Tech,ewatson@example.org,LIC-T-1609,Senior
EMP817,William,Smith,Supervisor_Tech,nicholas66@example.org,LIC-T-1715,Senior
EMP936,Valerie,Patel,Lead_Tech,ubrown@example.net,LIC-T-1173,Senior
EMP375,Daniel,Rogers,Supervisor_Tech,melissa05@example.net,LIC-T-1397,Senior
EMP611,Gary,Green,Technician,emilymonroe@example.com,LIC-T-1784,Mid
EMP952,Christopher,James,Supervisor_Tech,mayermichael@example.net,LIC-T-1735,Senior
EMP746,Jessica,Montoya,Supervisor_Tech,reynoldskaren@example.org,LIC-T-1386,Senior
EMP845,James,Yu,Supervisor_Tech,charlessmith@example.com,LIC-T-1609,Senior
EMP388,Cheryl,Williams,Technician,robert12@example.com,LIC-T-1797,Mid
EMP897,Tyler,Bowman,Lead_Tech,anna86@example.net,LIC-T-1933,Senior
EMP781,Kathleen,Collins,Lead_Tech,loretta02@example.net,LIC-T-1567,Senior
EMP700,Lindsay,Bridges,Supervisor_Tech,alvaradoclaire@example.com,LIC-T-1877,Senior
EMP993,John,Brown,Technician,egalloway@example.org,LIC-T-1883,Mid
EMP436,Zachary,Powers,Lead_Tech,melissa48@example.com,LIC-T-1270,Senior
EMP889,Tanya,Reed,Supervisor_Tech,gloria64@example.net,LIC-T-1449,Senior
EMP564,Sharon,Stanley,Lead_Tech,ashley05@example.org,LIC-T-1720,Senior
EMP482,Anthony,Lopez,Lead_Tech,brownmarissa@example.net,LIC-T-1338,Senior
EMP127,Shawn,Garrett,Technician,hendrickscolleen@example.net,LIC-T-1983,Junior
EMP745,Michael,Lutz,Technician,randall53@example.org,LIC-T-1673,Mid
EMP382,Ashley,Beck,Technician,sporter@example.com,LIC-T-1167,Mid
EMP750,Amy,Peters,Lead_Tech,matthew81@example.net,LIC-T-1048,Senior
EMP500,Ryan,Thomas,Supervisor_Tech,timothymay@example.org,LIC-T-1563,Senior
EMP180,Kayla,Dickerson,Technician,joshuacain@example.org,LIC-T-1105,Mid
EMP339,Stacey,Morgan,Supervisor_Tech,williamjoseph@example.net,LIC-T-1283,Senior
EMP503,Patrick,Spears,Technician,zacharyduran@example.com,LIC-T-1482,Mid
EMP739,Carl,Bryant,Lead_Tech,jeffery22@example.org,LIC-T-1642,Senior
EMP933,Shane,Powell,Supervisor_Tech,cperez@example.com,LIC-T-1208,Senior
EMP256,Michele,Wilson,Lead_Tech,michaelbutler@example.com,LIC-T-1155,Senior
EMP108,Jeffrey,Sanchez,Supervisor_Tech,elizabeth47@example.org,LIC-T-1223,Senior
EMP712,Michael,Frazier,Technician,amber48@example.com,LIC-T-1460,Mid
EMP312,Adam,Rhodes,Technician,willislauren@example.com,LIC-T-1166,Mid
EMP567,Micheal,Cervantes,Lead_Tech,nielsenjessica@example.org,LIC-T-1048,Senior
EMP561,Daniel,White,Lead_Tech,eroberts@example.net,LIC-T-1576,Senior
EMP516,Robin,Simpson,Supervisor_Tech,eric67@example.com,LIC-T-1450,Senior
EMP774,Gregory,Allen,Lead_Tech,nicholsjoseph@example.com,LIC-T-1488,Senior
EMP358,Stacey,Simpson,Lead_Tech,courtney02@example.net,LIC-T-1228,Senior
EMP466,Ashley,Collins,Supervisor_Tech,kathleen78@example.net,LIC-T-1938,Senior
EMP494,Maria,Butler,Technician,elizabethjames@example.com,LIC-T-1998,Mid
EMP749,Ashlee,Jones,Technician,floresandrew@example.com,LIC-T-1952,Junior
EMP812,Richard,Clark,Technician,reesejanet@example.org,LIC-T-1864,Junior
EMP864,Johnathan,Harris,Lead_Tech,dberger@example.org,LIC-T-1967,Senior
EMP305,Amy,Davis,Supervisor_Tech,yanderson@example.com,LIC-T-1036,Senior
EMP686,Oscar,Washington,Supervisor_Tech,matthewgomez@example.org,LIC-T-1305,Senior
EMP895,Dustin,Hicks,Lead_Tech,christinekey@example.net,LIC-T-1706,Senior
EMP420,Justin,Gutierrez,Supervisor_Tech,nicole88@example.net,LIC-T-1501,Senior
EMP665,Sara,Ramirez,Supervisor_Tech,codonnell@example.org,LIC-T-1191,Senior
EMP416,Tracey,York,Technician,hannahmoore@example.net,LIC-T-1053,Junior
EMP834,Rachel,Salazar,Technician,barbara44@example.net,LIC-T-1658,Junior
EMP582,Brian,Gutierrez,Lead_Tech,qluna@example.net,LIC-T-1977,Senior
EMP683,Michelle,Smith,Technician,mrubio@example.com,LIC-T-1180,Junior
EMP992,Isaac,Wilkins,Technician,christopher15@example.com,LIC-T-1022,Mid
EMP415,Jessica,Harris,Lead_Tech,markgonzales@example.org,LIC-T-1270,Senior
EMP939,Amy,Perry,Lead_Tech,odavis@example.com,LIC-T-1106,Senior
EMP646,Christina,Scott,Supervisor_Tech,rebeccahensley@example.net,LIC-T-1492,Senior
EMP120,Cheryl,Jackson,Lead_Tech,uhernandez@example.net,LIC-T-1432,Senior
EMP577,Joseph,Valentine,Technician,cindybell@example.com,LIC-T-1153,Mid
EMP965,Theodore,Hobbs,Lead_Tech,maryadams@example.com,LIC-T-1037,Senior
EMP143,Tara,Dominguez,Technician,simpsonantonio@example.com,LIC-T-1724,Junior
EMP398,Chad,Singleton,Lead_Tech,christopher30@example.com,LIC-T-1980,Senior
EMP581,Bridget,Montgomery,Technician,brandonstone@example.com,LIC-T-1215,Mid
EMP948,Rachel,Rodriguez,Supervisor_Tech,hmiller@example.org,LIC-T-1516,Senior
EMP238,Ryan,Ramos,Technician,daniellelopez@example.org,LIC-T-1541,Junior
EMP182,Jennifer,Heath,Supervisor_Tech,uweaver@example.org,LIC-T-1519,Senior
EMP805,Steven,Wong,Supervisor_Tech,ashlee89@example.org,LIC-T-1601,Senior
EMP183,Cassandra,Green,Supervisor_Tech,julie14@example.org,LIC-T-1957,Senior
EMP193,Lisa,Chapman,Technician,matthew00@example.org,LIC-T-1553,Mid
EMP460,Sue,Howard,Lead_Tech,westmatthew@example.com,LIC-T-1195,Senior
EMP125,Matthew,Thomas,Supervisor_Tech,alexanderfox@example.org,LIC-T-1448,Senior
EMP425,Isabella,Huynh,Supervisor_Tech,johnsonsherry@example.com,LIC-T-1876,Senior
EMP410,William,Bass,Supervisor_Tech,vcollins@example.net,LIC-T-1575,Senior
EMP467,Shawn,Watkins,Technician,lozanomichael@example.com,LIC-T-1571,Junior
EMP945,Aaron,Smith,Lead_Tech,amandahoward@example.org,LIC-T-1504,Senior
EMP649,Jessica,Cannon,Lead_Tech,hermanjoseph@example.net,LIC-T-1555,Senior
EMP447,Virginia,Haas,Lead_Tech,milestammy@example.net,LIC-T-1412,Senior
EMP670,Kenneth,Robinson,Lead_Tech,kristyliu@example.com,LIC-T-1552,Senior
EMP656,Todd,Ellis,Lead_Tech,jaclynsmith@example.com,LIC-T-1987,Senior
EMP163,Dana,Velez,Supervisor_Tech,linda50@example.com,LIC-T-1467,Senior
EMP667,Michael,Cooper,Technician,sjohnson@example.net,LIC-T-1523,Junior
EMP131,Beth,Bass,Technician,dmartin@example.net,LIC-T-1351,Mid
EMP476,Devin,Lin,Technician,houseamy@example.com,LIC-T-1766,Mid
EMP986,Katrina,Walsh,Technician,jefferygarrett@example.net,LIC-T-1967,Junior
EMP718,Andrew,Browning,Lead_Tech,levilopez@example.com,LIC-T-1444,Senior
EMP574,William,Cardenas,Supervisor_Tech,wharper@example.net,LIC-T-1783,Senior
EMP371,Dustin,Mitchell,Supervisor_Tech,harry48@example.com,LIC-T-1580,Senior
EMP867,Debbie,Ross,Supervisor_Tech,ggross@example.net,LIC-T-1150,Senior
EMP346,Crystal,West,Lead_Tech,jeremy30@example.org,LIC-T-1154,Senior
EMP450,Joseph,Rivas,Supervisor_Tech,amanda93@example.net,LIC-T-1302,Senior
EMP676,Sheila,Phillips,Technician,eric61@example.com,LIC-T-1175,Junior
EMP348,Sean,Conner,Supervisor_Tech,perezkimberly@example.net,LIC-T-1718,Senior
EMP307,Elizabeth,Downs,Technician,enguyen@example.net,LIC-T-1557,Junior
EMP377,John,Harris,Technician,zyates@example.org,LIC-T-1512,Mid
EMP283,Andrea,Lyons,Lead_Tech,pward@example.com,LIC-T-1627,Senior
EMP753,Amanda,Tanner,Supervisor_Tech,kgoodman@example.org,LIC-T-1865,Senior
EMP629,Kimberly,Bowers,Lead_Tech,hannasteve@example.com,LIC-T-1997,Senior
EMP736,Marcus,Lawson,Lead_Tech,rjohnson@example.com,LIC-T-1628,Senior
EMP359,Peggy,Little,Supervisor_Tech,harrisgarrett@example.com,LIC-T-1764,Senior
EMP640,Devin,Frazier,Lead_Tech,smithmary@example.com,LIC-T-1290,Senior
EMP716,Zachary,Mclaughlin,Supervisor_Tech,steven74@example.org,LIC-T-1997,Senior
EMP199,Samantha,Miranda,Lead_Tech,jenniferleblanc@example.com,LIC-T-1520,Senior
EMP523,Tanya,Pierce,Technician,lewisdeborah@example.org,LIC-T-1258,Junior
EMP148,Crystal,Schaefer,Lead_Tech,vanceleah@example.net,LIC-T-1501,Senior
EMP938,Christina,Hale,Lead_Tech,flowersraymond@example.com,LIC-T-1980,Senior
EMP865,Roger,Perez,Lead_Tech,gregorycarter@example.net,LIC-T-1929,Senior
EMP687,Austin,Perez,Supervisor_Tech,hmcdonald@example.com,LIC-T-1592,Senior
EMP722,David,Chandler,Supervisor_Tech,esmith@example.com,LIC-T-1199,Senior
EMP364,Melinda,Rogers,Supervisor_Tech,efrey@example.org,LIC-T-1553,Senior
EMP760,Karen,Harvey,Technician,chris63@example.org,LIC-T-1585,Mid
EMP541,Thomas,Walker,Technician,leroy09@example.com,LIC-T-1066,Junior
EMP563,Peter,Winters,Lead_Tech,tiffany46@example.net,LIC-T-1448,Senior
EMP452,Donald,Bowman,Lead_Tech,kathryn81@example.net,LIC-T-1591,Senior
EMP384,George,Graham,Technician,qfisher@example.net,LIC-T-1925,Junior
EMP290,Sylvia,Hernandez,Supervisor_Tech,mary27@example.org,LIC-T-1033,Senior
EMP277,Sherry,Williams,Lead_Tech,rgarcia@example.org,LIC-T-1841,Senior
EMP405,Jill,Lynch,Technician,pmills@example.com,LIC-T-1243,Junior
EMP843,Lisa,Scott,Supervisor_Tech,dmaldonado@example.org,LIC-T-1704,Senior
EMP366,Donna,Casey,Lead_Tech,heidi49@example.org,LIC-T-1616,Senior
EMP430,Kelli,Wheeler,Lead_Tech,mcdowellwilliam@example.net,LIC-T-1825,Senior
EMP363,Jessica,Hughes,Lead_Tech,wigginskelli@example.com,LIC-T-1385,Senior
EMP236,Duane,Jacobs,Supervisor_Tech,scottbrian@example.com,LIC-T-1865,Senior
EMP465,Cynthia,Tucker,Technician,srodriguez@example.net,LIC-T-1083,Junior
EMP214,Veronica,Carrillo,Supervisor_Tech,katie18@example.net,LIC-T-1408,Senior
EMP869,Lisa,Sanchez,Lead_Tech,mclaughlinterrence@example.com,LIC-T-1194,Senior
EMP598,Tracy,Brown,Lead_Tech,nicolebartlett@example.com,LIC-T-1183,Senior
EMP820,Steven,Johnson,Technician,lmartin@example.com,LIC-T-1767,Junior
EMP966,Brendan,Thomas,Supervisor_Tech,laurabell@example.com,LIC-T-1440,Senior
EMP223,Stephen,Perez,Technician,stephanie44@example.org,LIC-T-1147,Mid
EMP233,Eric,Dudley,Lead_Tech,agonzalez@example.net,LIC-T-1697,Senior
EMP797,Amanda,Simon,Technician,williamsbarbara@example.com,LIC-T-1209,Junior
EMP255,Joanna,Patterson,Technician,aschultz@example.com,LIC-T-1021,Mid
EMP521,Sarah,Ruiz,Supervisor_Tech,williamsangela@example.org,LIC-T-1547,Senior
EMP664,Tracy,Young,Supervisor_Tech,arellanojoseph@example.net,LIC-T-1825,Senior
EMP244,David,Fowler,Lead_Tech,ortizmelissa@example.net,LIC-T-1619,Senior
EMP642,Eric,Caldwell,Supervisor_Tech,adamsnicole@example.org,LIC-T-1396,Senior
EMP525,Gary,Walker,Lead_Tech,jenna84@example.org,LIC-T-1848,Senior
EMP699,Amanda,Webb,Lead_Tech,qanderson@example.net,LIC-T-1013,Senior
EMP719,Vanessa,Anderson,Technician,joneskenneth@example.org,LIC-T-1873,Mid
EMP144,Amy,Mann,Technician,hannah51@example.org,LIC-T-1362,Junior
EMP651,Mitchell,Williams,Technician,qbrown@example.org,LIC-T-1746,Mid
EMP522,James,Robinson,Supervisor_Tech,johnatkins@example.com,LIC-T-1111,Senior
EMP280,Rachel,Rosales,Technician,carterjenna@example.com,LIC-T-1880,Mid
EMP468,Jerry,Glenn,Lead_Tech,justin83@example.net,LIC-T-1094,Senior
EMP457,Miranda,Joseph,Lead_Tech,brian14@example.com,LIC-T-1415,Senior
EMP354,Regina,Jordan,Technician,christopher20@example.com,LIC-T-1719,Mid
EMP427,Rebecca,Flores,Supervisor_Tech,kenneth53@example.com,LIC-T-1451,Senior
EMP735,Marc,Ramirez,Technician,gina74@example.org,LIC-T-1187,Junior
EMP327,Michael,Ballard,Technician,fharris@example.org,LIC-T-1479,Mid
EMP738,Roberto,Richardson,Lead_Tech,kellywilliams@example.org,LIC-T-1461,Senior
EMP569,Eric,Reed,Lead_Tech,christopher15@example.org,LIC-T-1300,Senior
EMP847,John,Smith,Lead_Tech,ejones@example.net,LIC-T-1936,Senior
EMP824,Amanda,Jacobson,Technician,daniellegreen@example.com,LIC-T-1033,Junior
EMP204,Maria,Gonzalez,Supervisor_Tech,marshlynn@example.org,LIC-T-1633,Senior
EMP767,John,Robertson,Lead_Tech,joseph02@example.com,LIC-T-1629,Senior
EMP601,Todd,Harrison,Technician,olsonbrian@example.com,LIC-T-1033,Junior
EMP844,Cathy,Arnold,Supervisor_Tech,ojohns@example.net,LIC-T-1716,Senior
EMP585,Michael,Smith,Lead_Tech,sarah96@example.com,LIC-T-1131,Senior
EMP124,Stephanie,Ward,Supervisor_Tech,oadams@example.net,LIC-T-1856,Senior
EMP116,Wayne,Tucker,Supervisor_Tech,uberry@example.com,LIC-T-1485,Senior
EMP527,Brandon,Hoffman,Supervisor_Tech,johnsonchristine@example.org,LIC-T-1849,Senior
EMP529,Margaret,Lucero,Lead_Tech,jacksonalexandra@example.com,LIC-T-1567,Senior
EMP985,Charles,Carr,Lead_Tech,jeffreymoore@example.org,LIC-T-1979,Senior
EMP809,Karen,Burgess,Supervisor_Tech,brownbrian@example.org,LIC-T-1222,Senior
EMP335,Mark,Raymond,Supervisor_Tech,murphyvalerie@example.net,LIC-T-1135,Senior
EMP593,Evan,Ryan,Technician,dustin94@example.com,LIC-T-1627,Mid
EMP211,Kelly,Turner,Supervisor_Tech,taylorsullivan@example.com,LIC-T-1934,Senior
EMP170,Patricia,Williams,Supervisor_Tech,bryantrita@example.com,LIC-T-1069,Senior
EMP266,Darlene,James,Technician,lisa18@example.net,LIC-T-1874,Junior
EMP944,John,Alvarez,Technician,melanie57@example.org,LIC-T-1733,Junior
EMP472,Christian,Blackburn,Technician,scott49@example.org,LIC-T-1339,Junior
EMP641,Jesse,Campos,Lead_Tech,unelson@example.org,LIC-T-1315,Senior
EMP274,Ashley,Klein,Supervisor_Tech,victoria80@example.org,LIC-T-1877,Senior
EMP866,Kelly,Allen,Technician,luisaustin@example.com,LIC-T-1841,Mid
EMP610,Kevin,Vincent,Technician,uglass@example.org,LIC-T-1049,Mid
EMP478,Michael,Sharp,Technician,xmorgan@example.org,LIC-T-1158,Junior
EMP239,Brandon,Campbell,Technician,idavidson@example.net,LIC-T-1785,Junior
EMP853,Barbara,Ryan,Lead_Tech,swilliams@example.org,LIC-T-1291,Senior
EMP885,Sarah,Grant,Supervisor_Tech,elizabeth31@example.net,LIC-T-1168,Senior
EMP102,Derek,Duke,Supervisor_Tech,davisjoan@example.com,LIC-T-1858,Senior
EMP575,Barbara,Murray,Lead_Tech,john18@example.com,LIC-T-1420,Senior
EMP620,Ian,Hubbard,Lead_Tech,mayala@example.org,LIC-T-1801,Senior
