employee_ID,lic_No
EMP134,LIC-T-1667
EMP811,LIC-T-1942
EMP514,LIC-T-1278
EMP862,LIC-T-1183
EMP149,LIC-T-1894
EMP291,LIC-T-1152
EMP638,LIC-T-1187
EMP792,LIC-T-1933
EMP890,LIC-T-1208
EMP229,LIC-T-1156
EMP755,LIC-T-1098
EMP873,LIC-T-1774
EMP868,LIC-T-1135
EMP326,LIC-T-1822
EMP313,LIC-T-1405
EMP618,LIC-T-1736
EMP426,LIC-T-1624
EMP559,LIC-T-1316
EMP492,LIC-T-1932
EMP557,LIC-T-1402
EMP138,LIC-T-1251
EMP829,LIC-T-1094
EMP979,LIC-T-1918
EMP224,LIC-T-1095
EMP158,LIC-T-1270
EMP258,LIC-T-1675
EMP303,LIC-T-1939
EMP919,LIC-T-1445
EMP437,LIC-T-1284
EMP380,LIC-T-1517
EMP920,LIC-T-1701
EMP168,LIC-T-1436
EMP129,LIC-T-1659
EMP553,LIC-T-1231
EMP560,LIC-T-1971
EMP378,LIC-T-1722
EMP112,LIC-T-1368
EMP954,LIC-T-1646
EMP548,LIC-T-1801
EMP267,LIC-T-1773
EMP331,LIC-T-1572
EMP409,LIC-T-1434
EMP302,LIC-T-1349
EMP709,LIC-T-1655
EMP336,LIC-T-1480
EMP424,LIC-T-1191
EMP627,LIC-T-1297
EMP907,LIC-T-1182
EMP259,LIC-T-1194
EMP910,LIC-T-1614
EMP977,LIC-T-1670
EMP726,LIC-T-1574
EMP220,LIC-T-1060
EMP498,LIC-T-1878
EMP918,LIC-T-1888
EMP545,LIC-T-1873
EMP770,LIC-T-1052
EMP453,LIC-T-1868
EMP489,LIC-T-1809
EMP860,LIC-T-1688
EMP906,LIC-T-1246
EMP606,LIC-T-1790
EMP932,LIC-T-1283
EMP440,LIC-T-1069
EMP501,LIC-T-1794
EMP681,LIC-T-1237
EMP474,LIC-T-1120
EMP835,LIC-T-1868
EMP786,LIC-T-1944
EMP106,LIC-T-1205
EMP160,LIC-T-1828
EMP146,LIC-T-1471
EMP295,LIC-T-1069
EMP299,LIC-T-1301
EMP173,LIC-T-1741
EMP669,LIC-T-1294
EMP399,LIC-T-1712
EMP655,LIC-T-1868
EMP332,LIC-T-1919
EMP225,LIC-T-1792
EMP338,LIC-T-1074
EMP724,LIC-T-1599
EMP406,LIC-T-1345
EMP599,LIC-T-1536
EMP513,LIC-T-1811
EMP644,LIC-T-1227
EMP595,LIC-T-1533
EMP626,LIC-T-1389
EMP228,LIC-T-1182
EMP491,LIC-T-1704
EMP539,LIC-T-1540
EMP727,LIC-T-1041
EMP695,LIC-T-1806
EMP854,LIC-T-1173
EMP368,LIC-T-1575
EMP893,LIC-T-1989
EMP766,LIC-T-1266
EMP710,LIC-T-1053
EMP790,LIC-T-1165
EMP959,LIC-T-1299
EMP981,LIC-T-1928
EMP251,LIC-T-1396
EMP365,LIC-T-1409
EMP115,LIC-T-1738
EMP742,LIC-T-1751
EMP151,LIC-T-1166
EMP449,LIC-T-1650
EMP887,LIC-T-1882
EMP720,LIC-T-1065
EMP471,LIC-T-1948
EMP286,LIC-T-1693
EMP289,LIC-T-1477
EMP328,LIC-T-1753
EMP341,LIC-T-1518
EMP960,LIC-T-1043
EMP773,LIC-T-1105
EMP213,LIC-T-1636
EMP174,LIC-T-1564
EMP550,LIC-T-1349
EMP246,LIC-T-1568
EMP519,LIC-T-1055
EMP645,LIC-T-1609
EMP817,LIC-T-1715
EMP936,LIC-T-1173
EMP375,LIC-T-1397
EMP611,LIC-T-1784
EMP952,LIC-T-1735
EMP746,LIC-T-1386
EMP845,LIC-T-1609
EMP388,LIC-T-1797
EMP897,LIC-T-1933
EMP781,LIC-T-1567
EMP700,LIC-T-1877
EMP993,LIC-T-1883
EMP436,LIC-T-1270
EMP889,LIC-T-1449
EMP564,LIC-T-1720
EMP482,LIC-T-1338
EMP127,LIC-T-1983
EMP745,LIC-T-1673
EMP382,LIC-T-1167
EMP750,LIC-T-1048
EMP500,LIC-T-1563
EMP180,LIC-T-1105
EMP339,LIC-T-1283
EMP503,LIC-T-1482
EMP739,LIC-T-1642
EMP933,LIC-T-1208
EMP256,LIC-T-1155
EMP108,LIC-T-1223
EMP712,LIC-T-1460
EMP312,LIC-T-1166
EMP567,LIC-T-1048
EMP561,LIC-T-1576
EMP516,LIC-T-1450
EMP774,LIC-T-1488
EMP358,LIC-T-1228
EMP466,LIC-T-1938
EMP494,LIC-T-1998
EMP749,LIC-T-1952
EMP812,LIC-T-1864
EMP864,LIC-T-1967
EMP305,LIC-T-1036
EMP686,LIC-T-1305
EMP895,LIC-T-1706
EMP420,LIC-T-1501
EMP665,LIC-T-1191
EMP416,LIC-T-1053
EMP834,LIC-T-1658
EMP582,LIC-T-1977
EMP683,LIC-T-1180
EMP992,LIC-T-1022
EMP415,LIC-T-1270
EMP939,LIC-T-1106
EMP646,LIC-T-1492
EMP120,LIC-T-1432
EMP577,LIC-T-1153
EMP965,LIC-T-1037
EMP143,LIC-T-1724
EMP398,LIC-T-1980
EMP581,LIC-T-1215
EMP948,LIC-T-1516
EMP238,LIC-T-1541
EMP182,LIC-T-1519
EMP805,LIC-T-1601
EMP183,LIC-T-1957
EMP193,LIC-T-1553
EMP460,LIC-T-1195
EMP125,LIC-T-1448
EMP425,LIC-T-1876
EMP410,LIC-T-1575
EMP467,LIC-T-1571
EMP945,LIC-T-1504
EMP649,LIC-T-1555
EMP447,LIC-T-1412
EMP670,LIC-T-1552
EMP656,LIC-T-1987
EMP163,LIC-T-1467
EMP667,LIC-T-1523
EMP131,LIC-T-1351
EMP476,LIC-T-1766
EMP986,LIC-T-1967
EMP718,LIC-T-1444
EMP574,LIC-T-1783
EMP371,LIC-T-1580
EMP867,LIC-T-1150
EMP346,LIC-T-1154
EMP450,LIC-T-1302
EMP676,LIC-T-1175
EMP348,LIC-T-1718
EMP307,LIC-T-1557
EMP377,LIC-T-1512
EMP283,LIC-T-1627
EMP753,LIC-T-1865
EMP629,LIC-T-1997
EMP736,LIC-T-1628
EMP359,LIC-T-1764
EMP640,LIC-T-1290
EMP716,LIC-T-1997
EMP199,LIC-T-1520
EMP523,LIC-T-1258
EMP148,LIC-T-1501
EMP938,LIC-T-1980
EMP865,LIC-T-1929
EMP687,LIC-T-1592
EMP722,LIC-T-1199
EMP364,LIC-T-1553
EMP760,LIC-T-1585
EMP541,LIC-T-1066
EMP563,LIC-T-1448
EMP452,LIC-T-1591
EMP384,LIC-T-1925
EMP290,LIC-T-1033
EMP277,LIC-T-1841
EMP405,LIC-T-1243
EMP843,LIC-T-1704
EMP366,LIC-T-1616
EMP430,LIC-T-1825
EMP363,LIC-T-1385
EMP236,LIC-T-1865
EMP465,LIC-T-1083
EMP214,LIC-T-1408
EMP869,LIC-T-1194
EMP598,LIC-T-1183
EMP820,LIC-T-1767
EMP966,LIC-T-1440
EMP223,LIC-T-1147
EMP233,LIC-T-1697
EMP797,LIC-T-1209
EMP255,LIC-T-1021
EMP521,LIC-T-1547
EMP664,LIC-T-1825
EMP244,LIC-T-1619
EMP642,LIC-T-1396
EMP525,LIC-T-1848
EMP699,LIC-T-1013
EMP719,LIC-T-1873
EMP144,LIC-T-1362
EMP651,LIC-T-1746
EMP522,LIC-T-1111
EMP280,LIC-T-1880
EMP468,LIC-T-1094
EMP457,LIC-T-1415
EMP354,LIC-T-1719
EMP427,LIC-T-1451
EMP735,LIC-T-1187
EMP327,LIC-T-1479
EMP738,LIC-T-1461
EMP569,LIC-T-1300
EMP847,LIC-T-1936
EMP824,LIC-T-1033
EMP204,LIC-T-1633
EMP767,LIC-T-1629
EMP601,LIC-T-1033
EMP844,LIC-T-1716
EMP585,LIC-T-1131
EMP124,LIC-T-1856
EMP116,LIC-T-1485
EMP527,LIC-T-1849
EMP529,LIC-T-1567
EMP985,LIC-T-1979
EMP809,LIC-T-1222
EMP335,LIC-T-1135
EMP593,LIC-T-1627
EMP211,LIC-T-1934
EMP170,LIC-T-1069
EMP266,LIC-T-1874
EMP944,LIC-T-1733
EMP472,LIC-T-1339
EMP641,LIC-T-1315
EMP274,LIC-T-1877
EMP866,LIC-T-1841
EMP610,LIC-T-1049
EMP478,LIC-T-1158
EMP239,LIC-T-1785
EMP853,LIC-T-1291
EMP885,LIC-T-1168
EMP102,LIC-T-1858
EMP575,LIC-T-1420
EMP620,LIC-T-1801
