record_ID,payment_Type,amount_Paid
94934,Credit Card,24.71
60848,Cash,51.02
17618,Debit Card,75.73
33045,Mobile Pay,15.53
20838,Apple Pay,57.48
22682,Bank Transfer,87.01
8544,Debit Card,50.1
70050,Bank Transfer,3.68
31788,Bank Transfer,62.12
10697,Credit Card,17.33
1658,Credit Card,100.88
76432,Cash,46.77
55199,Bank Transfer,39.28
17141,Google Pay,43.71
72499,Mobile Pay,65.06
63384,Credit Card,40.26
24669,Google Pay,91.84
21825,Credit Card,27.32
14465,Credit Card,16.04
19179,Bank Transfer,77.0
80987,Cash,59.26
40210,Credit Card,77.84
60736,Mobile Pay,71.94
18807,Bank Transfer,17.92
81639,Debit Card,51.57
52106,Bank Transfer,23.75
31823,Credit Card,63.35
44463,Apple Pay,96.12
86991,Apple Pay,5.03
65122,Mobile Pay,38.88
6942,Credit Card,13.72
40425,Bank Transfer,22.42
58828,Bank Transfer,36.7
43246,Mobile Pay,19.64
21132,Credit Card,45.84
54741,Mobile Pay,29.64
14834,Debit Card,12.46
93352,Credit Card,47.21
78179,Google Pay,97.91
53094,Cash,18.91
7521,Bank Transfer,72.49
84991,Apple Pay,47.95
90477,Google Pay,89.74
64,Bank Transfer,85.38
35774,Cash,76.95
25687,Cash,95.31
52561,Bank Transfer,104.13
13232,Mobile Pay,14.58
20544,Debit Card,36.14
50853,Cash,17.59
53615,Credit Card,20.53
87122,Google Pay,43.45
81596,Credit Card,54.19
8020,Google Pay,100.91
36345,Google Pay,17.53
55298,Credit Card,109.91
42824,Bank Transfer,32.51
3335,Mobile Pay,99.45
62455,Debit Card,41.12
96250,Cash,31.19
33690,Apple Pay,11.03
69287,Apple Pay,45.5
93981,Credit Card,83.9
90159,Mobile Pay,6.48
47020,Cash,89.66
72922,Apple Pay,15.1
94972,Apple Pay,19.7
16170,Credit Card,58.51
79517,Apple Pay,46.61
9413,Apple Pay,71.2
85120,Debit Card,19.58
4767,Debit Card,19.3
66187,Credit Card,36.86
59916,Apple Pay,77.13
48463,Bank Transfer,42.99
60291,Mobile Pay,32.88
21780,Cash,105.48
66666,Apple Pay,98.56
31460,Bank Transfer,86.89
2885,Apple Pay,60.52
40460,Apple Pay,41.75
82532,Bank Transfer,11.28
51051,Bank Transfer,50.89
33210,Cash,15.8
66472,Bank Transfer,48.68
54318,Bank Transfer,13.48
45569,Bank Transfer,19.43
4533,Cash,36.82
7767,Google Pay,15.57
19745,Credit Card,96.87
95963,Google Pay,43.93
64399,Debit Card,32.17
58361,Debit Card,127.37
72762,Mobile Pay,29.72
39015,Debit Card,30.41
97047,Google Pay,5.8
43424,Debit Card,14.1
94955,Debit Card,44.95
94500,Google Pay,39.82
93192,Bank Transfer,38.48
3552,Debit Card,27.5
64568,Bank Transfer,52.79
73858,Google Pay,52.5
89124,Google Pay,128.57
99582,Apple Pay,51.01
54962,Bank Transfer,19.18
23863,Google Pay,27.69
24611,Debit Card,21.59
70148,Google Pay,12.37
29056,Mobile Pay,8.75
28746,Credit Card,55.37
60758,Apple Pay,95.52
109,Credit Card,40.8
63841,Mobile Pay,45.43
20277,Google Pay,33.4
12219,Bank Transfer,25.22
46132,Google Pay,11.77
6736,Bank Transfer,20.39
76070,Google Pay,12.16
43003,Google Pay,92.64
76919,Bank Transfer,23.38
23477,Google Pay,13.67
65914,Apple Pay,41.39
28745,Debit Card,24.6
50515,Debit Card,45.97
91414,Google Pay,21.43
93733,Debit Card,79.03
27325,Google Pay,33.45
75472,Mobile Pay,31.9
49778,Bank Transfer,40.09
24644,Apple Pay,2.46
93665,Debit Card,10.38
12883,Cash,31.33
33645,Mobile Pay,21.69
39731,Debit Card,20.92
12731,Cash,75.0
37707,Bank Transfer,127.54
73430,Debit Card,21.24
84381,Credit Card,39.71
60930,Bank Transfer,16.56
74329,Bank Transfer,45.43
87613,Bank Transfer,14.64
64098,Cash,93.43
6883,Google Pay,53.31
93377,Apple Pay,45.37
90120,Credit Card,25.83
43510,Debit Card,49.28
83919,Debit Card,6.2
31564,Credit Card,41.94
41792,Bank Transfer,34.58
96720,Bank Transfer,1.86
13227,Bank Transfer,23.9
12000,Cash,25.14
17202,Debit Card,57.51
90049,Credit Card,17.63
91323,Google Pay,106.13
39087,Debit Card,59.62
28765,Apple Pay,39.34
64024,Apple Pay,50.3
44502,Bank Transfer,12.56
21377,Debit Card,69.85
30724,Credit Card,34.54
96365,Bank Transfer,39.42
39597,Debit Card,40.56
55703,Debit Card,2.62
90931,Debit Card,26.72
54531,Debit Card,25.79
46156,Mobile Pay,24.78
75874,Debit Card,1.9
23239,Credit Card,34.83
79843,Google Pay,49.32
14218,Bank Transfer,13.81
49281,Mobile Pay,48.19
43126,Cash,20.62
73961,Bank Transfer,72.85
81354,Bank Transfer,7.34
61540,Cash,107.41
6082,Bank Transfer,21.5
14484,Google Pay,30.85
63559,Apple Pay,2.57
71353,Bank Transfer,4.57
32421,Bank Transfer,45.84
24026,Mobile Pay,16.76
57351,Bank Transfer,31.49
62705,Debit Card,14.72
62655,Bank Transfer,21.43
82233,Cash,6.16
7704,Mobile Pay,63.75
4870,Mobile Pay,36.85
83147,Credit Card,47.96
27302,Credit Card,71.61
44261,Debit Card,96.91
83927,Bank Transfer,15.35
70792,Google Pay,6.43
54983,Bank Transfer,49.09
893,Apple Pay,21.3
63128,Google Pay,24.54
22303,Mobile Pay,11.09
72097,Mobile Pay,65.79
98946,Bank Transfer,20.03
82654,Cash,22.44
82801,Google Pay,49.95
33466,Mobile Pay,83.86
46952,Credit Card,8.51
82042,Debit Card,114.67
38217,Apple Pay,86.15
58972,Mobile Pay,43.75
2460,Bank Transfer,79.77
99709,Debit Card,9.54
29271,Credit Card,26.66
86890,Bank Transfer,81.9
95485,Google Pay,27.85
65723,Credit Card,8.99
32729,Cash,4.57
85941,Debit Card,74.01
27488,Apple Pay,18.02
10427,Mobile Pay,72.3
80168,Apple Pay,32.63
57777,Google Pay,32.57
46701,Credit Card,70.58
38087,Bank Transfer,9.6
352,Bank Transfer,30.59
73425,Mobile Pay,89.93
6432,Apple Pay,37.66
60742,Mobile Pay,41.94
67554,Bank Transfer,38.74
68480,Cash,21.2
80655,Bank Transfer,112.91
26540,Credit Card,21.34
45458,Debit Card,89.06
62079,Debit Card,33.26
60475,Bank Transfer,7.23
64033,Cash,8.37
72871,Mobile Pay,56.46
74977,Apple Pay,35.1
58460,Mobile Pay,48.21
25911,Debit Card,42.3
63482,Credit Card,26.97
54339,Mobile Pay,11.37
42651,Cash,68.06
6191,Google Pay,10.87
2858,Debit Card,27.26
51909,Debit Card,16.51
28911,Bank Transfer,38.09
64295,Credit Card,4.46
62159,Cash,25.13
60573,Cash,19.92
88315,Google Pay,49.8
77046,Debit Card,18.09
62915,Debit Card,42.41
94871,Bank Transfer,25.87
92492,Apple Pay,104.13
449,Credit Card,15.92
36122,Debit Card,59.21
32875,Apple Pay,7.19
55389,Cash,37.64
72426,Debit Card,41.83
34720,Credit Card,80.3
56198,Google Pay,100.35
65582,Apple Pay,19.95
49004,Bank Transfer,34.66
44917,Mobile Pay,21.91
49260,Apple Pay,18.0
29091,Bank Transfer,36.18
97803,Bank Transfer,29.55
10281,Debit Card,7.46
66604,Mobile Pay,42.0
79328,Credit Card,12.46
92580,Mobile Pay,65.99
61471,Credit Card,6.82
93161,Mobile Pay,47.9
73936,Debit Card,62.75
27162,Apple Pay,75.89
84023,Apple Pay,87.21
32271,Credit Card,66.62
68153,Credit Card,34.74
49853,Credit Card,8.79
56114,Bank Transfer,18.66
51632,Cash,44.24
32085,Google Pay,61.58
50829,Cash,12.36
70413,Debit Card,34.76
25191,Cash,20.11
93338,Cash,20.79
62783,Credit Card,50.13
59503,Apple Pay,15.34
57921,Bank Transfer,88.58
35894,Cash,46.36
13886,Google Pay,6.25
94015,Debit Card,9.97
63993,Bank Transfer,14.27
24228,Apple Pay,11.25
34252,Apple Pay,67.96
41052,Cash,115.28
24851,Bank Transfer,16.97
55972,Mobile Pay,46.94
17217,Credit Card,15.85
32302,Mobile Pay,90.31
12460,Apple Pay,9.7
68815,Cash,7.73
62569,Debit Card,21.8
86814,Credit Card,31.82
77950,Google Pay,22.67
73170,Bank Transfer,18.12
37178,Mobile Pay,29.5
30855,Bank Transfer,55.87
38611,Credit Card,53.02
11075,Debit Card,95.19
32534,Bank Transfer,102.86
49218,Mobile Pay,14.75
20765,Debit Card,31.0
56657,Credit Card,37.88
50440,Mobile Pay,86.06
80566,Mobile Pay,17.98
98983,Google Pay,47.04
51747,Cash,31.13
45908,Credit Card,11.71
65892,Mobile Pay,121.23
41216,Credit Card,3.69
35573,Google Pay,124.28
750,Credit Card,26.87
54412,Debit Card,19.87
10277,Debit Card,66.93
14154,Google Pay,79.64
50977,Debit Card,30.41
64510,Apple Pay,35.05
42030,Cash,17.74
83516,Apple Pay,57.47
39542,Credit Card,36.77
10593,Apple Pay,43.67
32110,Credit Card,98.74
60806,Bank Transfer,13.78
1529,Debit Card,38.29
93346,Debit Card,5.49
94010,Credit Card,2.11
36025,Google Pay,55.29
38546,Credit Card,8.51
51524,Mobile Pay,89.31
72228,Apple Pay,90.54
51697,Apple Pay,63.46
48627,Debit Card,5.24
30975,Google Pay,11.89
14667,Mobile Pay,52.18
76809,Credit Card,60.92
84700,Credit Card,2.71
86737,Mobile Pay,57.46
86262,Bank Transfer,31.45
32761,Bank Transfer,16.99
63295,Apple Pay,15.78
14127,Cash,50.67
2028,Bank Transfer,1.88
14067,Debit Card,100.37
69834,Cash,63.16
68497,Apple Pay,25.85
76261,Bank Transfer,19.81
36489,Google Pay,62.64
24375,Cash,9.91
34536,Apple Pay,15.85
53163,Mobile Pay,9.79
97566,Google Pay,129.69
44626,Debit Card,88.38
85979,Debit Card,62.38
89482,Bank Transfer,54.7
29637,Apple Pay,44.03
92732,Google Pay,67.31
93794,Debit Card,57.97
21093,Cash,49.51
99947,Credit Card,8.81
38322,Mobile Pay,63.22
64762,Bank Transfer,30.46
88204,Credit Card,37.38
9394,Debit Card,24.24
31905,Bank Transfer,8.18
55124,Apple Pay,24.64
3888,Cash,57.97
81232,Credit Card,24.1
86138,Apple Pay,39.25
39617,Google Pay,16.26
53308,Cash,112.28
37552,Google Pay,31.99
96665,Apple Pay,14.52
44718,Cash,24.59
35371,Cash,84.19
2187,Apple Pay,65.11
78477,Apple Pay,118.09
97641,Bank Transfer,12.37
21193,Credit Card,63.83
49916,Apple Pay,19.53
67306,Credit Card,9.34
60625,Mobile Pay,12.51
1155,Credit Card,39.21
22794,Apple Pay,41.5
16956,Google Pay,9.7
97531,Mobile Pay,77.07
96109,Mobile Pay,88.41
86049,Google Pay,22.35
54399,Mobile Pay,83.06
31898,Google Pay,23.53
5703,Credit Card,23.02
66919,Mobile Pay,34.64
34508,Debit Card,115.28
21638,Credit Card,89.52
53034,Apple Pay,4.04
98432,Cash,73.6
63526,Google Pay,47.52
6610,Apple Pay,10.5
85481,Mobile Pay,4.92
67739,Apple Pay,28.72
78509,Debit Card,92.34
85697,Apple Pay,13.37
62756,Bank Transfer,49.93
28506,Mobile Pay,26.15
71028,Cash,24.59
2111,Mobile Pay,3.77
7421,Apple Pay,8.13
80122,Mobile Pay,23.02
14327,Apple Pay,7.07
33049,Bank Transfer,47.75
3350,Google Pay,36.28
81173,Debit Card,24.1
25367,Mobile Pay,113.64
3935,Mobile Pay,26.58
83784,Debit Card,4.04
13568,Google Pay,53.8
44452,Cash,61.49
9604,Google Pay,13.36
63273,Mobile Pay,15.73
10926,Cash,78.05
19922,Credit Card,54.61
9273,Cash,19.03
29654,Cash,28.08
71765,Apple Pay,25.88
26278,Credit Card,24.11
19153,Apple Pay,37.33
75247,Apple Pay,41.4
70913,Mobile Pay,17.54
86162,Credit Card,65.77
93591,Cash,61.92
891,Bank Transfer,94.92
20857,Bank Transfer,46.91
36603,Google Pay,106.17
28073,Apple Pay,23.77
84404,Cash,43.19
90169,Google Pay,29.63
36390,Bank Transfer,21.73
13973,Credit Card,38.01
67568,Google Pay,54.32
84271,Credit Card,16.34
1329,Cash,9.69
71142,Credit Card,78.07
38579,Mobile Pay,37.23
77503,Credit Card,25.9
1153,Google Pay,5.47
63905,Apple Pay,7.55
58918,Bank Transfer,5.07
34590,Credit Card,12.68
48168,Google Pay,57.86
48164,Google Pay,8.68
44434,Bank Transfer,19.26
59104,Google Pay,18.26
71371,Mobile Pay,10.92
65042,Credit Card,8.71
48253,Mobile Pay,5.5
49034,Google Pay,12.72
81163,Mobile Pay,73.78
58330,Bank Transfer,23.91
34635,Mobile Pay,107.93
73965,Mobile Pay,20.9
15371,Bank Transfer,56.14
4630,Google Pay,35.93
65399,Cash,17.51
51241,Mobile Pay,35.04
33587,Bank Transfer,5.86
34336,Apple Pay,38.27
59264,Mobile Pay,57.7
66226,Cash,95.97
9050,Bank Transfer,28.44
44277,Google Pay,80.39
25546,Credit Card,47.3
51101,Mobile Pay,53.03
94336,Cash,43.67
13350,Mobile Pay,13.93
34497,Mobile Pay,25.86
21064,Credit Card,89.51
91090,Mobile Pay,10.62
92779,Apple Pay,62.52
91346,Google Pay,19.61
4409,Debit Card,23.2
26183,Bank Transfer,21.77
74864,Credit Card,39.46
72067,Google Pay,11.45
33695,Apple Pay,22.2
96624,Google Pay,83.11
54480,Credit Card,13.61
17430,Google Pay,6.23
21781,Debit Card,38.49
90010,Credit Card,4.82
44483,Bank Transfer,127.27
95750,Mobile Pay,25.57
74965,Mobile Pay,39.63
48788,Cash,28.61
65961,Bank Transfer,37.21
90918,Cash,23.64
36596,Apple Pay,13.23
99204,Debit Card,74.01
14289,Apple Pay,45.03
50546,Debit Card,59.84
37339,Google Pay,34.1
66836,Credit Card,33.71
12744,Bank Transfer,12.33
63615,Debit Card,11.33
5891,Credit Card,16.65
60887,Apple Pay,18.57
48316,Bank Transfer,23.14
26462,Apple Pay,79.45
34928,Debit Card,25.87
61677,Cash,57.5
83431,Apple Pay,16.47
50629,Cash,95.67
2101,Apple Pay,49.09
26227,Apple Pay,61.99
89948,Debit Card,2.1
17236,Debit Card,50.49
69863,Debit Card,9.93
82330,Mobile Pay,20.17
82866,Bank Transfer,1.67
14521,Debit Card,54.36
76302,Credit Card,33.83
86763,Cash,41.84
55408,Google Pay,62.58
592,Bank Transfer,25.32
75949,Mobile Pay,66.89
49453,Mobile Pay,16.42
57078,Apple Pay,5.4
24502,Bank Transfer,6.14
51924,Cash,69.55
98531,Cash,63.61
93908,Credit Card,47.81
3074,Credit Card,55.15
57626,Apple Pay,14.53
61921,Cash,61.23
65765,Debit Card,50.73
70990,Google Pay,17.13
36157,Google Pay,28.24
71718,Cash,13.17
64005,Bank Transfer,86.89
97275,Google Pay,57.7
42925,Debit Card,88.86
90485,Cash,31.53
56382,Credit Card,58.89
56789,Credit Card,44.68
29031,Mobile Pay,64.42
81010,Google Pay,3.52
2343,Bank Transfer,13.83
35722,Bank Transfer,83.74
39918,Cash,116.4
19707,Bank Transfer,19.08
51662,Apple Pay,18.3
43940,Apple Pay,28.26
91743,Google Pay,38.14
93672,Mobile Pay,17.73
74063,Credit Card,9.56
44871,Cash,12.77
95404,Credit Card,57.65
76854,Bank Transfer,17.99
74751,Apple Pay,76.08
7165,Google Pay,47.12
92224,Credit Card,52.56
83742,Apple Pay,18.0
29330,Apple Pay,24.51
37002,Apple Pay,31.11
89572,Credit Card,13.34
26694,Credit Card,42.72
38847,Google Pay,28.64
51390,Credit Card,40.22
27560,Google Pay,33.38
12816,Apple Pay,24.28
52258,Cash,81.4
75805,Google Pay,72.69
50069,Google Pay,10.52
80388,Debit Card,35.75
40819,Cash,44.41
20272,Google Pay,25.67
90920,Debit Card,25.99
8910,Apple Pay,35.32
86102,Cash,31.68
96631,Google Pay,17.44
74245,Debit Card,7.67
21501,Google Pay,16.51
79309,Cash,8.66
562,Google Pay,54.99
56151,Debit Card,94.47
86542,Google Pay,69.79
17897,Credit Card,64.85
43364,Google Pay,64.99
2193,Apple Pay,14.36
30032,Bank Transfer,35.2
86601,Mobile Pay,10.18
84783,Credit Card,65.06
47618,Mobile Pay,5.45
67121,Credit Card,90.9
56021,Bank Transfer,92.91
57751,Bank Transfer,21.56
26208,Mobile Pay,15.35
87865,Mobile Pay,104.42
12703,Cash,49.72
35519,Apple Pay,21.67
65051,Apple Pay,56.01
89048,Credit Card,9.97
30090,Credit Card,24.15
5848,Bank Transfer,113.83
69664,Mobile Pay,28.48
99955,Apple Pay,126.13
73737,Google Pay,7.56
75838,Cash,60.5
67522,Google Pay,105.34
75143,Bank Transfer,90.8
21810,Credit Card,33.46
83797,Cash,25.46
99908,Debit Card,41.06
25798,Mobile Pay,16.05
80152,Google Pay,25.81
82606,Bank Transfer,87.94
87377,Apple Pay,70.47
83814,Bank Transfer,12.65
25598,Cash,9.66
44474,Mobile Pay,20.29
68623,Debit Card,11.64
76230,Debit Card,6.35
13318,Debit Card,68.14
61336,Apple Pay,98.97
99223,Debit Card,77.82
28469,Bank Transfer,62.29
2151,Cash,30.62
5172,Google Pay,43.07
31599,Google Pay,7.71
48513,Apple Pay,101.69
65040,Credit Card,26.49
14775,Debit Card,86.93
94111,Credit Card,16.2
83581,Credit Card,9.35
25414,Apple Pay,18.26
71152,Bank Transfer,41.09
95337,Apple Pay,107.1
55755,Mobile Pay,17.44
82929,Cash,46.95
5458,Apple Pay,51.83
68792,Bank Transfer,69.99
13035,Apple Pay,26.1
48147,Cash,93.26
42733,Mobile Pay,24.87
48637,Apple Pay,121.35
95895,Apple Pay,14.65
9597,Mobile Pay,103.49
62165,Mobile Pay,70.77
39205,Credit Card,26.8
23052,Debit Card,13.81
18797,Google Pay,56.56
39956,Cash,12.69
21874,Cash,64.14
71376,Credit Card,46.58
32372,Cash,24.18
31207,Credit Card,85.11
93314,Google Pay,38.73
83689,Cash,4.03
87194,Mobile Pay,18.26
97383,Bank Transfer,5.81
58525,Credit Card,42.26
86877,Cash,69.97
79536,Cash,42.57
60018,Debit Card,67.25
16829,Google Pay,9.13
91617,Google Pay,36.21
26407,Bank Transfer,1.58
75092,Debit Card,53.11
14551,Bank Transfer,55.09
11786,Apple Pay,34.75
63600,Credit Card,48.37
9305,Apple Pay,23.73
19282,Credit Card,3.12
29974,Debit Card,84.58
87908,Google Pay,74.63
52396,Credit Card,89.16
27352,Apple Pay,6.75
86345,Apple Pay,2.41
92105,Mobile Pay,18.18
30920,Debit Card,113.07
92515,Credit Card,4.46
17356,Credit Card,51.98
22896,Apple Pay,55.78
92376,Debit Card,6.67
31642,Apple Pay,89.12
48462,Cash,93.72
68001,Mobile Pay,70.66
6524,Cash,54.13
43647,Bank Transfer,23.21
61064,Credit Card,36.1
58236,Cash,17.47
67181,Bank Transfer,46.52
71769,Cash,9.79
44885,Credit Card,12.79
92516,Cash,28.02
75940,Credit Card,98.95
21758,Mobile Pay,88.9
96169,Cash,18.28
35905,Debit Card,40.67
41733,Apple Pay,12.43
58800,Apple Pay,10.48
59140,Mobile Pay,3.78
19551,Google Pay,6.73
27166,Mobile Pay,113.47
3541,Bank Transfer,8.37
82854,Google Pay,12.84
12659,Credit Card,101.44
16588,Cash,57.88
38140,Mobile Pay,29.64
65635,Credit Card,43.03
98735,Bank Transfer,16.94
30291,Google Pay,15.54
19106,Cash,103.96
58157,Debit Card,36.36
82707,Debit Card,87.61
30559,Google Pay,12.01
10641,Mobile Pay,3.97
51842,Credit Card,2.74
5457,Credit Card,8.09
78457,Apple Pay,16.91
99806,Apple Pay,30.4
38899,Bank Transfer,2.28
11329,Cash,23.74
2547,Mobile Pay,10.61
74561,Debit Card,9.63
89148,Cash,31.17
87055,Google Pay,43.62
4159,Apple Pay,63.68
1381,Bank Transfer,21.26
44642,Apple Pay,9.4
33933,Bank Transfer,15.34
33258,Bank Transfer,54.33
98729,Apple Pay,35.66
81847,Credit Card,11.27
47009,Apple Pay,88.52
241,Credit Card,24.01
59938,Apple Pay,37.3
6712,Debit Card,16.32
95971,Bank Transfer,18.19
1059,Cash,26.13
58003,Google Pay,14.92
66589,Debit Card,6.65
58106,Google Pay,21.1
53083,Credit Card,18.91
74016,Cash,43.93
11370,Google Pay,48.68
28347,Apple Pay,9.9
47534,Bank Transfer,29.31
41898,Cash,18.9
92387,Credit Card,15.31
40010,Debit Card,3.35
88925,Cash,5.28
19873,Credit Card,40.84
25014,Mobile Pay,8.48
83714,Google Pay,12.03
78056,Mobile Pay,20.06
56763,Bank Transfer,62.05
30048,Cash,73.12
36189,Credit Card,42.86
45974,Cash,42.49
81825,Credit Card,36.44
50588,Apple Pay,35.74
75157,Bank Transfer,4.71
48541,Bank Transfer,56.64
48101,Google Pay,46.1
61311,Mobile Pay,10.18
16605,Google Pay,3.76
89594,Credit Card,69.7
18623,Cash,6.17
94989,Mobile Pay,34.21
77630,Cash,32.97
82831,Debit Card,38.0
13090,Mobile Pay,67.83
37511,Bank Transfer,52.69
59199,Apple Pay,77.88
10023,Cash,98.62
13688,Apple Pay,28.42
87483,Google Pay,127.66
75380,Google Pay,53.6
4638,Apple Pay,33.4
79741,Bank Transfer,125.12
26659,Google Pay,41.97
23053,Cash,128.66
63812,Apple Pay,51.7
85011,Cash,27.66
91069,Google Pay,25.36
2045,Cash,110.23
43350,Apple Pay,24.28
5884,Apple Pay,77.59
61443,Mobile Pay,9.57
19170,Credit Card,37.63
26248,Cash,84.22
12578,Mobile Pay,28.44
73890,Mobile Pay,76.62
99880,Credit Card,58.08
29998,Google Pay,32.28
41309,Google Pay,42.58
95255,Credit Card,29.0
39881,Debit Card,23.75
10251,Cash,50.55
78658,Google Pay,68.18
48501,Google Pay,72.45
54649,Bank Transfer,33.24
25360,Mobile Pay,44.91
31344,Mobile Pay,102.89
44243,Cash,10.23
57474,Cash,42.31
75924,Mobile Pay,28.06
82387,Google Pay,38.89
67069,Credit Card,74.26
44291,Apple Pay,35.75
46818,Google Pay,99.78
78372,Debit Card,14.3
45262,Google Pay,69.93
39556,Credit Card,55.36
3066,Credit Card,28.11
84218,Google Pay,79.68
28591,Google Pay,71.68
91469,Credit Card,21.54
12755,Google Pay,50.64
5108,Bank Transfer,38.82
53541,Mobile Pay,6.32
44305,Bank Transfer,8.27
44765,Google Pay,87.51
85404,Cash,5.26
35003,Debit Card,99.08
40405,Mobile Pay,36.91
21039,Mobile Pay,63.33
95843,Bank Transfer,10.11
67193,Apple Pay,95.13
44897,Google Pay,12.06
15450,Apple Pay,46.93
57118,Mobile Pay,36.63
5761,Mobile Pay,63.43
41881,Debit Card,2.69
36911,Apple Pay,17.16
55037,Credit Card,6.94
45488,Cash,70.11
56175,Cash,13.72
19987,Apple Pay,68.55
35956,Mobile Pay,17.03
3174,Bank Transfer,34.86
51128,Credit Card,47.1
52851,Bank Transfer,28.14
79664,Bank Transfer,51.7
42661,Credit Card,32.68
26847,Bank Transfer,22.03
14297,Apple Pay,7.58
99649,Cash,31.08
48976,Bank Transfer,17.35
57255,Bank Transfer,21.65
31312,Cash,71.46
37222,Google Pay,82.28
12941,Debit Card,20.79
6738,Credit Card,86.56
87959,Debit Card,8.02
82870,Credit Card,49.55
54227,Mobile Pay,31.92
25450,Google Pay,23.63
33113,Mobile Pay,50.15
1788,Apple Pay,18.87
9421,Debit Card,73.76
55922,Credit Card,4.67
35847,Credit Card,47.43
91481,Mobile Pay,72.18
83015,Credit Card,74.98
84327,Mobile Pay,28.41
61769,Debit Card,10.95
13457,Cash,64.55
28437,Debit Card,46.38
89996,Cash,8.75
64260,Bank Transfer,79.79
82067,Mobile Pay,90.13
21944,Google Pay,65.03
92572,Debit Card,46.55
10906,Google Pay,14.42
91463,Apple Pay,62.59
84212,Google Pay,26.77
1426,Credit Card,11.82
82693,Apple Pay,42.21
94497,Apple Pay,13.65
82560,Apple Pay,24.54
90706,Bank Transfer,72.4
73188,Bank Transfer,37.13
62350,Mobile Pay,33.38
22892,Debit Card,57.42
16654,Debit Card,3.75
33479,Credit Card,8.44
99167,Apple Pay,19.96
10192,Credit Card,16.09
31380,Mobile Pay,3.41
79250,Google Pay,9.58
9750,Credit Card,35.59
89432,Credit Card,61.16
70659,Cash,47.54
69560,Debit Card,7.64
70444,Apple Pay,13.45
20578,Bank Transfer,10.15
20124,Google Pay,43.73
20262,Mobile Pay,6.19
32359,Bank Transfer,70.13
74848,Apple Pay,39.87
66157,Apple Pay,22.6
73729,Mobile Pay,9.48
7412,Google Pay,80.68
31191,Google Pay,4.36
58694,Cash,36.24
97896,Cash,63.05
62144,Mobile Pay,48.4
41973,Credit Card,51.09
59724,Apple Pay,24.23
2218,Google Pay,30.03
67261,Debit Card,89.78
60750,Google Pay,78.35
92183,Cash,97.84
2429,Cash,91.79
11472,Cash,16.52
88929,Mobile Pay,79.3
95800,Credit Card,127.69
84305,Debit Card,32.86
32256,Bank Transfer,1.63
70754,Mobile Pay,36.99
95655,Bank Transfer,2.63
15571,Credit Card,34.44
55905,Mobile Pay,42.51
29891,Debit Card,18.46
47880,Debit Card,29.06
25162,Bank Transfer,115.49
4330,Mobile Pay,15.35
64916,Credit Card,64.06
93309,Credit Card,5.63
76125,Credit Card,16.6
17808,Cash,36.75
89592,Mobile Pay,70.61
81490,Cash,29.37
10267,Google Pay,4.66
17020,Google Pay,109.74
56875,Credit Card,11.71
79383,Cash,6.59
32525,Debit Card,51.27
44955,Cash,54.9
18753,Apple Pay,41.47
61837,Mobile Pay,51.3
42645,Debit Card,15.64
99736,Debit Card,21.85
75398,Google Pay,10.6
11871,Apple Pay,14.32
56256,Credit Card,72.98
33938,Cash,12.28
40506,Cash,98.73
23501,Google Pay,55.21
76866,Mobile Pay,65.86
34672,Mobile Pay,70.62
66483,Cash,23.41
45776,Google Pay,63.65
14682,Credit Card,59.48
19602,Cash,33.22
74103,Credit Card,64.71
43159,Debit Card,27.02
17320,Apple Pay,27.18
23479,Cash,41.89
68391,Mobile Pay,78.47
84110,Bank Transfer,58.83
18276,Mobile Pay,45.72
3707,Bank Transfer,98.71
95793,Cash,38.63
17615,Google Pay,22.73
24098,Bank Transfer,100.06
33190,Credit Card,7.55
63768,Cash,10.0
55249,Google Pay,50.35
1448,Mobile Pay,32.56
39538,Google Pay,24.33
42926,Credit Card,4.69
78425,Apple Pay,25.57
69544,Credit Card,9.44
42090,Debit Card,84.87
40049,Debit Card,48.53
18975,Cash,45.45
82626,Bank Transfer,56.85
46730,Bank Transfer,8.27
33238,Apple Pay,50.0
46657,Mobile Pay,2.71
92390,Google Pay,16.42
39431,Cash,25.97
78230,Cash,73.08
67723,Debit Card,64.07
82966,Mobile Pay,99.75
91518,Mobile Pay,19.01
35765,Debit Card,23.36
68088,Cash,15.33
76754,Mobile Pay,36.0
39059,Debit Card,90.19
47146,Debit Card,2.54
7713,Mobile Pay,14.91
57952,Google Pay,77.08
43696,Debit Card,30.55
85140,Apple Pay,12.47
74621,Debit Card,20.46
17705,Bank Transfer,14.4
11365,Google Pay,12.42
21085,Credit Card,58.35
4951,Google Pay,31.24
51283,Google Pay,5.61
49838,Credit Card,8.82
72201,Cash,35.42
23254,Cash,95.81
27691,Cash,21.18
69215,Credit Card,33.63
45672,Google Pay,2.52
54165,Google Pay,42.03
26045,Apple Pay,46.25
43359,Apple Pay,10.06
36125,Mobile Pay,10.97
65922,Credit Card,50.44
75177,Google Pay,42.05
72418,Google Pay,74.07
65642,Credit Card,35.9
44961,Google Pay,15.63
87414,Google Pay,24.12
95669,Apple Pay,44.35
65905,Debit Card,2.65
82500,Mobile Pay,7.9
60362,Mobile Pay,18.8
47222,Cash,10.54
13711,Apple Pay,55.85
20510,Bank Transfer,49.85
92427,Cash,28.75
92625,Apple Pay,25.04
58036,Credit Card,42.71
17306,Cash,59.24
64386,Cash,44.8
98803,Google Pay,28.98
9242,Debit Card,76.39
93216,Credit Card,24.26
73846,Cash,61.61
99512,Bank Transfer,21.15
84395,Bank Transfer,46.36
4280,Debit Card,13.64
19569,Mobile Pay,80.77
20487,Apple Pay,16.15
59014,Google Pay,49.18
99990,Bank Transfer,34.09
28388,Cash,57.49
42700,Cash,32.7
72249,Credit Card,18.31
94228,Apple Pay,59.19
86677,Google Pay,47.94
50245,Mobile Pay,16.59
35493,Debit Card,18.45
58845,Debit Card,50.13
33707,Mobile Pay,24.08
36834,Debit Card,20.28
99138,Debit Card,4.32
78405,Cash,40.73
38681,Credit Card,37.58
53407,Google Pay,28.44
25717,Apple Pay,29.44
6878,Apple Pay,11.3
53915,Cash,10.47
52809,Mobile Pay,43.79
82406,Bank Transfer,72.16
2988,Credit Card,107.56
54423,Bank Transfer,28.57
76631,Apple Pay,28.13
80027,Google Pay,14.87
10967,Google Pay,8.35
24025,Bank Transfer,4.78
69030,Cash,26.65
97523,Credit Card,82.13
39773,Mobile Pay,14.02
68240,Google Pay,15.74
69297,Debit Card,15.24
46,Bank Transfer,11.19
3430,Mobile Pay,25.46
79057,Credit Card,63.71
8521,Credit Card,38.12
77446,Bank Transfer,9.26
44785,Mobile Pay,4.51
86217,Cash,77.12
7616,Google Pay,102.03
71117,Debit Card,82.26
62549,Bank Transfer,97.89
79518,Google Pay,45.34
97323,Google Pay,18.2
98701,Google Pay,44.3
26279,Debit Card,57.01
97006,Debit Card,49.72
32982,Credit Card,33.01
4283,Bank Transfer,6.01
69107,Credit Card,85.61
75658,Bank Transfer,36.87
37466,Mobile Pay,82.72
9094,Debit Card,35.27
38706,Mobile Pay,10.94
81889,Apple Pay,30.96
33347,Credit Card,25.93
389,Cash,7.64
61165,Bank Transfer,40.8
91174,Cash,13.89
26386,Apple Pay,40.64
21313,Mobile Pay,64.01
40072,Mobile Pay,15.23
37311,Debit Card,23.12
23398,Mobile Pay,25.42
36876,Debit Card,7.69
6798,Cash,78.96
53397,Apple Pay,4.76
96354,Bank Transfer,20.11
33906,Cash,50.84
53825,Bank Transfer,18.55
82510,Google Pay,29.74
34944,Mobile Pay,53.01
48027,Credit Card,16.63
98150,Credit Card,59.19
73710,Bank Transfer,73.01
71689,Google Pay,32.71
30520,Credit Card,26.7
44379,Bank Transfer,21.38
21322,Google Pay,1.87
34457,Cash,15.92
61053,Mobile Pay,109.05
77853,Bank Transfer,55.62
86772,Bank Transfer,75.03
38789,Debit Card,103.73
93847,Bank Transfer,116.19
99256,Google Pay,45.67
752,Cash,113.56
33700,Credit Card,9.64
46600,Credit Card,10.8
34770,Debit Card,32.02
32632,Mobile Pay,9.56
21029,Mobile Pay,2.07
15261,Cash,17.52
64133,Cash,58.42
37927,Credit Card,53.86
36899,Mobile Pay,84.38
44558,Debit Card,37.19
2363,Bank Transfer,25.29
2926,Google Pay,22.4
87279,Cash,30.74
46136,Cash,25.64
70344,Cash,47.11
18370,Debit Card,20.34
15370,Google Pay,18.96
70534,Credit Card,39.63
65650,Mobile Pay,30.95
96429,Credit Card,62.39
57463,Credit Card,64.51
47012,Debit Card,13.18
11441,Google Pay,61.14
57778,Apple Pay,17.61
70877,Debit Card,37.15
16740,Google Pay,6.09
18367,Mobile Pay,39.65
75111,Debit Card,92.18
48426,Google Pay,24.06
78362,Google Pay,28.2
26424,Cash,6.7
85743,Google Pay,36.66
66315,Bank Transfer,21.15
46500,Mobile Pay,37.43
83565,Credit Card,19.89
36624,Cash,4.26
26643,Credit Card,24.77
52581,Apple Pay,20.68
70309,Google Pay,11.09
45321,Google Pay,113.01
15072,Cash,6.4
72276,Mobile Pay,9.23
38266,Apple Pay,47.24
89455,Debit Card,4.56
32159,Debit Card,79.76
56149,Mobile Pay,30.33
76553,Cash,34.74
37989,Credit Card,25.06
50071,Mobile Pay,31.05
18621,Cash,21.44
77942,Debit Card,9.76
53998,Apple Pay,87.38
14294,Bank Transfer,21.5
49461,Debit Card,5.5
51314,Bank Transfer,6.24
21071,Apple Pay,15.71
32205,Cash,37.64
20850,Mobile Pay,44.75
27382,Debit Card,51.12
70727,Apple Pay,35.73
3584,Cash,74.9
74215,Apple Pay,11.25
37754,Bank Transfer,23.78
34719,Bank Transfer,34.61
47440,Credit Card,59.23
23880,Apple Pay,101.37
77332,Cash,40.15
37560,Google Pay,5.91
88395,Bank Transfer,85.46
34791,Apple Pay,28.86
32252,Cash,61.23
57705,Cash,23.97
24142,Bank Transfer,38.06
29069,Mobile Pay,22.07
19521,Mobile Pay,52.58
56445,Apple Pay,63.7
82133,Mobile Pay,103.42
48631,Bank Transfer,9.64
91110,Credit Card,25.03
61194,Google Pay,59.76
81712,Apple Pay,35.62
11145,Credit Card,16.09
31001,Cash,46.6
83477,Credit Card,7.92
64036,Google Pay,31.43
35476,Google Pay,84.52
85995,Bank Transfer,43.63
76216,Cash,12.01
79819,Credit Card,36.55
28817,Google Pay,42.95
36567,Debit Card,39.77
7581,Debit Card,36.24
51542,Cash,45.88
49081,Google Pay,35.62
73401,Cash,47.74
11436,Debit Card,53.1
69520,Google Pay,20.87
50906,Debit Card,58.83
12229,Google Pay,6.15
60635,Credit Card,32.25
37527,Google Pay,61.92
68455,Credit Card,69.05
67228,Apple Pay,53.35
13885,Bank Transfer,28.09
99802,Google Pay,17.09
44136,Debit Card,19.13
64397,Credit Card,45.68
46513,Cash,79.74
61864,Google Pay,12.67
37874,Apple Pay,13.65
79993,Bank Transfer,14.37
26567,Credit Card,16.49
13123,Debit Card,24.16
96290,Apple Pay,21.58
80491,Bank Transfer,24.09
94889,Apple Pay,57.52
27605,Apple Pay,67.88
69484,Google Pay,43.57
13963,Bank Transfer,24.89
96270,Apple Pay,24.91
65670,Credit Card,71.31
4473,Mobile Pay,6.82
53771,Cash,21.32
4032,Credit Card,20.13
12090,Mobile Pay,45.63
23943,Google Pay,68.57
88541,Mobile Pay,2.9
12187,Google Pay,63.07
27004,Bank Transfer,82.68
96433,Cash,21.6
33287,Mobile Pay,60.66
2821,Bank Transfer,36.88
47779,Debit Card,31.35
4086,Apple Pay,86.08
44825,Google Pay,37.13
1976,Cash,1.9
65762,Mobile Pay,38.45
36717,Bank Transfer,90.46
23876,Debit Card,50.85
54489,Apple Pay,19.62
40003,Credit Card,28.02
99352,Credit Card,9.77
55424,Bank Transfer,8.1
57596,Credit Card,27.83
30871,Debit Card,64.27
19130,Credit Card,4.53
46154,Cash,23.77
11260,Bank Transfer,8.09
75853,Debit Card,54.19
24518,Mobile Pay,54.54
31569,Debit Card,97.74
53970,Apple Pay,5.78
65850,Bank Transfer,5.47
54248,Debit Card,4.25
38146,Credit Card,115.5
93116,Apple Pay,117.96
41342,Google Pay,67.75
58688,Apple Pay,83.28
59928,Google Pay,11.68
29732,Bank Transfer,99.12
83551,Bank Transfer,22.01
28158,Debit Card,24.74
91498,Credit Card,49.6
84681,Apple Pay,101.21
70285,Mobile Pay,127.4
4920,Cash,32.84
3243,Credit Card,52.07
39932,Google Pay,7.53
96453,Cash,22.05
307,Mobile Pay,61.6
55370,Debit Card,17.74
89371,Mobile Pay,9.06
32821,Bank Transfer,57.73
96104,Apple Pay,20.47
98026,Cash,95.12
45627,Bank Transfer,12.32
76333,Bank Transfer,13.02
99665,Credit Card,5.57
93051,Cash,16.68
46765,Credit Card,20.69
709,Google Pay,99.77
79834,Apple Pay,48.0
39923,Apple Pay,7.71
33245,Apple Pay,16.09
55008,Cash,48.3
77313,Mobile Pay,56.17
72344,Debit Card,30.49
67528,Mobile Pay,54.73
82482,Apple Pay,20.75
89575,Debit Card,49.39
83739,Credit Card,52.79
72379,Mobile Pay,54.64
51060,Debit Card,29.29
33430,Bank Transfer,6.02
34901,Cash,113.56
31781,Bank Transfer,8.73
5032,Debit Card,2.65
73957,Apple Pay,36.06
81393,Apple Pay,38.15
24718,Debit Card,18.09
52332,Mobile Pay,73.97
81011,Credit Card,9.09
31292,Google Pay,8.49
39728,Mobile Pay,26.0
84185,Apple Pay,13.32
93747,Apple Pay,17.27
67811,Debit Card,91.36
54502,Bank Transfer,28.7
9602,Cash,94.56
96927,Cash,18.49
12480,Google Pay,7.86
45635,Bank Transfer,23.92
92063,Credit Card,6.23
65667,Cash,61.08
60036,Cash,59.62
25832,Apple Pay,9.13
63484,Apple Pay,19.5
6478,Debit Card,70.05
85862,Credit Card,33.85
46104,Credit Card,38.9
88911,Credit Card,53.17
62593,Credit Card,43.53
68592,Google Pay,28.83
88950,Apple Pay,94.05
32584,Debit Card,13.85
62428,Apple Pay,98.37
96870,Debit Card,20.94
66554,Cash,29.52
30473,Apple Pay,100.81
69388,Debit Card,26.93
40830,Bank Transfer,80.2
72346,Cash,48.15
97539,Debit Card,45.76
34640,Bank Transfer,37.05
47803,Mobile Pay,7.58
37494,Credit Card,11.12
93838,Debit Card,44.61
10084,Mobile Pay,63.04
48817,Apple Pay,58.98
28780,Apple Pay,18.12
13718,Apple Pay,90.82
41681,Credit Card,94.34
17811,Debit Card,73.62
17048,Cash,12.72
31685,Cash,10.96
5331,Debit Card,51.62
85256,Cash,51.69
44394,Debit Card,23.28
2221,Google Pay,50.96
60972,Credit Card,57.34
62050,Debit Card,22.01
21918,Google Pay,10.0
62614,Google Pay,112.92
92165,Google Pay,69.75
34849,Bank Transfer,35.34
80063,Mobile Pay,9.41
47771,Credit Card,17.62
87138,Debit Card,66.31
33188,Debit Card,10.89
16798,Cash,12.39
12125,Google Pay,14.06
65439,Google Pay,6.95
65856,Bank Transfer,14.57
42153,Credit Card,1.74
91305,Credit Card,32.66
39467,Credit Card,27.64
27930,Credit Card,93.83
50942,Credit Card,58.46
86983,Google Pay,57.24
49548,Debit Card,20.17
90273,Debit Card,2.43
13019,Google Pay,65.96
78410,Credit Card,37.34
53170,Google Pay,37.71
1538,Cash,13.41
38768,Cash,68.1
60379,Debit Card,61.7
77258,Debit Card,27.31
40849,Google Pay,31.66
35257,Bank Transfer,38.09
11006,Apple Pay,23.22
77029,Mobile Pay,3.34
40732,Credit Card,10.87
75290,Mobile Pay,25.51
12276,Apple Pay,43.96
55655,Mobile Pay,27.7
1384,Credit Card,29.69
40378,Debit Card,10.88
66818,Apple Pay,2.87
14910,Bank Transfer,5.59
23979,Debit Card,32.6
82211,Debit Card,29.07
40542,Google Pay,28.9
28648,Apple Pay,68.55
1378,Credit Card,48.08
70419,Credit Card,7.32
28068,Bank Transfer,89.66
3802,Apple Pay,43.94
60627,Credit Card,54.89
66090,Google Pay,58.42
61812,Debit Card,27.58
37326,Google Pay,49.33
47964,Credit Card,77.69
3333,Cash,11.08
53513,Credit Card,20.89
84697,Bank Transfer,8.69
47034,Debit Card,35.49
96894,Cash,59.81
30686,Apple Pay,31.53
68167,Credit Card,89.36
48065,Google Pay,43.74
72940,Credit Card,38.64
25967,Bank Transfer,16.06
35412,Apple Pay,52.23
76786,Google Pay,101.04
22322,Mobile Pay,22.93
21607,Cash,38.27
20889,Debit Card,22.85
26245,Cash,4.74
17059,Google Pay,22.74
1517,Cash,7.64
94462,Apple Pay,4.75
12558,Credit Card,69.9
55916,Cash,91.18
83180,Apple Pay,38.86
65855,Debit Card,35.45
70226,Cash,5.48
44484,Mobile Pay,9.75
36420,Credit Card,24.66
30220,Debit Card,65.73
8062,Bank Transfer,21.1
46207,Credit Card,45.78
26951,Debit Card,49.74
52983,Debit Card,10.35
60779,Cash,32.73
33266,Google Pay,7.14
50910,Cash,39.38
50838,Mobile Pay,26.6
57163,Google Pay,34.02
84196,Cash,27.88
99931,Credit Card,50.61
53834,Debit Card,26.9
317,Bank Transfer,31.07
29676,Cash,40.41
21104,Mobile Pay,27.31
27542,Cash,47.88
68283,Bank Transfer,57.85
36505,Debit Card,41.25
69456,Credit Card,57.13
48728,Cash,46.65
45904,Credit Card,62.1
42791,Cash,2.21
2373,Bank Transfer,2.47
52351,Apple Pay,40.67
54371,Bank Transfer,69.31
98345,Mobile Pay,16.0
24842,Google Pay,17.82
97468,Bank Transfer,3.06
91600,Credit Card,26.87
10341,Debit Card,26.56
60147,Bank Transfer,115.19
59706,Mobile Pay,93.19
34049,Google Pay,49.67
82216,Mobile Pay,60.4
73659,Cash,15.67
76740,Bank Transfer,2.48
41604,Google Pay,91.62
69471,Mobile Pay,46.26
9695,Debit Card,91.53
40279,Mobile Pay,12.2
6127,Google Pay,17.45
23071,Bank Transfer,92.98
4745,Mobile Pay,75.36
33582,Bank Transfer,102.26
34421,Bank Transfer,127.49
28226,Debit Card,8.72
10062,Credit Card,31.97
70933,Bank Transfer,17.83
95414,Apple Pay,5.52
94894,Google Pay,80.28
2550,Mobile Pay,4.44
98603,Debit Card,30.57
74152,Cash,65.33
98657,Apple Pay,11.46
26290,Debit Card,49.92
54777,Cash,81.13
52974,Debit Card,9.06
82715,Google Pay,67.7
73132,Mobile Pay,21.4
15516,Google Pay,108.07
27094,Google Pay,18.89
36063,Apple Pay,62.19
57303,Cash,83.61
14306,Cash,27.12
65287,Mobile Pay,125.44
26339,Bank Transfer,13.3
29203,Debit Card,41.75
43057,Debit Card,7.56
35125,Credit Card,18.0
77150,Apple Pay,59.45
79919,Cash,8.08
70943,Cash,58.51
75952,Bank Transfer,23.09
54757,Cash,3.85
31225,Google Pay,67.86
2889,Google Pay,55.96
96432,Cash,86.57
13985,Credit Card,9.24
15094,Google Pay,19.89
15633,Apple Pay,10.68
256,Credit Card,23.32
46590,Cash,31.65
10339,Mobile Pay,59.42
46301,Debit Card,31.99
35032,Google Pay,48.09
83254,Debit Card,87.86
99847,Bank Transfer,58.41
19533,Bank Transfer,19.78
3122,Debit Card,69.33
94904,Cash,7.88
51371,Bank Transfer,9.18
605,Credit Card,10.24
33447,Bank Transfer,18.41
30231,Debit Card,12.25
27402,Debit Card,65.55
60911,Bank Transfer,29.52
31137,Debit Card,71.45
72192,Debit Card,52.13
67738,Bank Transfer,38.45
36388,Mobile Pay,4.11
83345,Bank Transfer,15.56
33295,Credit Card,109.72
95868,Google Pay,68.21
95870,Debit Card,10.35
81240,Bank Transfer,9.27
9683,Debit Card,40.0
57576,Apple Pay,65.44
85472,Apple Pay,22.22
17010,Credit Card,27.78
50163,Mobile Pay,12.96
68100,Google Pay,51.35
3871,Apple Pay,46.52
30937,Mobile Pay,65.3
65171,Credit Card,10.0
92109,Bank Transfer,61.58
34385,Google Pay,48.26
19500,Mobile Pay,36.99
6990,Cash,18.15
17704,Google Pay,46.93
41401,Debit Card,31.98
25479,Credit Card,27.95
51014,Debit Card,3.47
43639,Debit Card,3.67
21250,Google Pay,8.08
4663,Mobile Pay,82.05
25142,Google Pay,58.39
14061,Cash,56.93
93957,Mobile Pay,59.14
19559,Apple Pay,65.57
9174,Credit Card,17.74
41662,Apple Pay,98.22
81367,Mobile Pay,26.64
91348,Debit Card,12.1
9748,Cash,27.92
99171,Debit Card,60.46
65,Bank Transfer,20.72
50488,Google Pay,42.61
86127,Cash,89.71
81454,Mobile Pay,14.32
46365,Mobile Pay,9.29
41177,Debit Card,46.87
15252,Credit Card,5.84
43292,Google Pay,57.52
82448,Debit Card,48.0
20470,Apple Pay,3.55
20234,Apple Pay,33.5
8341,Google Pay,22.62
91980,Credit Card,35.25
73119,Bank Transfer,56.56
96529,Mobile Pay,37.2
47977,Debit Card,39.92
18708,Apple Pay,89.17
75545,Mobile Pay,30.53
21917,Debit Card,13.06
37970,Bank Transfer,24.28
75788,Mobile Pay,93.6
31407,Debit Card,84.53
68756,Apple Pay,103.4
83409,Credit Card,7.63
54894,Google Pay,17.05
60892,Cash,17.73
3659,Debit Card,51.49
95861,Bank Transfer,75.21
18602,Mobile Pay,24.89
34452,Debit Card,11.75
33260,Mobile Pay,17.95
84887,Debit Card,12.35
90611,Bank Transfer,16.94
54952,Cash,5.23
71220,Google Pay,11.66
27517,Mobile Pay,54.75
67931,Debit Card,72.19
9941,Debit Card,6.83
38085,Mobile Pay,55.19
1245,Debit Card,12.02
39064,Cash,56.14
23604,Cash,47.11
16816,Credit Card,3.5
77574,Debit Card,6.03
29382,Cash,14.56
71531,Apple Pay,20.52
64346,Bank Transfer,9.07
42599,Bank Transfer,12.17
61579,Debit Card,66.39
54691,Cash,38.21
86285,Apple Pay,65.81
58215,Apple Pay,50.63
49573,Cash,69.87
55993,Mobile Pay,35.62
76314,Google Pay,9.75
43911,Bank Transfer,63.68
74683,Mobile Pay,73.72
58487,Apple Pay,20.86
94357,Google Pay,9.22
13559,Cash,38.38
17866,Apple Pay,17.66
70180,Debit Card,7.66
17230,Apple Pay,35.12
92969,Google Pay,46.31
47239,Cash,56.47
69951,Apple Pay,29.17
