machine_ID,Status,purchase_Date
VM9696,repair,2021-01-08
VM9934,functional,2022-07-07
VM1120,decommissioned,2024-05-08
VM9741,repair,2023-08-29
VM4849,repair,2021-07-07
VM1839,functional,2025-08-30
VM4454,functional,2021-07-29
VM9432,functional,2024-05-01
VM9650,decommissioned,2024-05-17
VM2295,functional,2022-03-28
VM4405,repair,2021-09-12
VM5618,decommissioned,2021-06-10
VM2206,decommissioned,2020-10-13
VM6243,decommissioned,2020-12-26
VM5340,functional,2024-01-07
VM8576,repair,2024-05-25
VM5458,decommissioned,2025-02-13
VM7110,decommissioned,2022-03-14
VM2010,functional,2021-07-08
VM3964,repair,2023-03-07
VM9063,functional,2022-03-12
VM7466,repair,2023-01-05
VM6712,functional,2021-05-21
VM7656,decommissioned,2023-08-11
VM9374,decommissioned,2020-03-28
VM5588,repair,2023-10-26
VM6135,decommissioned,2020-01-03
VM8216,decommissioned,2025-07-13
VM9629,functional,2022-03-13
VM6788,functional,2024-03-31
VM1930,repair,2020-08-11
VM6769,repair,2022-11-29
VM3495,repair,2025-11-06
VM9567,repair,2021-07-14
VM7625,decommissioned,2021-11-19
VM9924,repair,2020-04-07
VM8977,repair,2020-04-03
VM3546,functional,2020-01-05
VM2990,repair,2021-10-03
VM3794,decommissioned,2024-03-24
VM1961,repair,2022-09-23
VM5256,repair,2024-12-25
VM3705,functional,2023-02-09
VM6132,decommissioned,2025-09-28
VM7131,repair,2020-04-01
VM6734,functional,2022-07-29
VM5557,functional,2023-05-28
VM6246,repair,2021-04-25
VM9570,decommissioned,2020-10-16
VM6872,functional,2024-02-06
VM3346,decommissioned,2020-04-12
VM8834,decommissioned,2023-11-17
VM3002,repair,2020-04-03
VM5079,decommissioned,2021-10-02
VM8341,decommissioned,2022-05-06
VM9002,decommissioned,2023-09-14
VM7073,repair,2022-03-08
VM3780,repair,2020-12-28
VM1463,decommissioned,2021-09-29
VM1168,functional,2022-01-02
VM2916,functional,2021-06-14
VM2606,functional,2023-11-05
VM1806,functional,2024-05-07
VM8236,functional,2020-12-17
VM4915,decommissioned,2025-02-14
VM8532,functional,2025-05-16
VM4384,functional,2024-05-12
VM8846,functional,2023-06-27
VM5960,repair,2025-06-25
VM7640,repair,2020-05-23
VM9608,functional,2020-03-26
VM7121,functional,2025-10-06
VM1256,functional,2024-07-05
VM7123,decommissioned,2024-10-26
VM7492,repair,2024-04-08
VM7308,decommissioned,2022-06-03
VM6193,functional,2024-09-24
VM4648,repair,2023-08-07
VM4422,functional,2020-05-07
VM3548,decommissioned,2021-11-23
VM6266,repair,2021-08-19
VM8541,functional,2020-10-23
VM8443,functional,2023-08-09
VM1198,functional,2022-01-22
VM4000,functional,2023-04-16
VM4947,repair,2021-07-12
VM5548,repair,2022-11-01
VM7602,decommissioned,2021-02-24
VM2232,decommissioned,2025-04-12
VM2686,decommissioned,2023-01-19
VM4306,functional,2023-08-05
VM4939,decommissioned,2024-10-06
VM6922,decommissioned,2020-05-23
VM1504,decommissioned,2022-01-07
VM6015,decommissioned,2022-02-26
VM9438,repair,2020-10-06
VM2493,repair,2021-07-18
VM6737,repair,2021-05-06
VM6610,decommissioned,2025-05-20
VM1351,decommissioned,2020-06-02
VM4090,repair,2021-08-16
VM8169,repair,2023-10-27
VM5234,functional,2021-10-26
VM6735,repair,2022-08-30
VM1880,functional,2020-09-07
VM9573,decommissioned,2022-03-29
VM2058,decommissioned,2021-12-25
VM2598,functional,2021-06-22
VM9189,repair,2021-05-11
VM2266,repair,2020-03-22
VM1233,functional,2023-10-04
VM8492,decommissioned,2025-03-03
VM1546,decommissioned,2020-03-20
VM9816,functional,2020-10-21
VM7360,repair,2021-03-12
VM1322,functional,2022-12-21
VM3238,decommissioned,2023-01-22
VM8774,decommissioned,2024-04-25
VM6453,decommissioned,2022-12-29
VM1071,decommissioned,2025-05-08
VM5543,repair,2022-10-07
VM3302,functional,2022-03-14
VM2191,functional,2020-07-11
VM7793,repair,2023-01-21
VM4881,functional,2025-03-31
VM3736,repair,2024-12-20
VM3101,decommissioned,2023-04-04
VM6149,decommissioned,2021-01-02
VM9058,repair,2021-09-08
VM5650,decommissioned,2022-03-21
VM4543,repair,2023-09-13
VM5870,repair,2024-08-02
VM7079,repair,2023-02-12
VM6910,decommissioned,2024-06-28
VM8020,decommissioned,2024-06-05
VM8387,decommissioned,2021-12-30
VM6012,decommissioned,2023-07-06
VM6568,functional,2020-02-29
VM7120,repair,2022-02-17
VM1237,decommissioned,2020-02-28
VM7202,functional,2022-03-06
VM5486,functional,2024-06-27
VM7620,decommissioned,2020-06-06
VM5973,decommissioned,2022-11-03
VM3582,decommissioned,2020-05-05
VM9028,repair,2024-05-26
VM1251,functional,2021-11-05
VM6810,decommissioned,2024-09-06
VM1559,decommissioned,2020-09-20
VM9230,functional,2020-06-24
VM1628,functional,2020-12-30
VM6051,repair,2021-10-08
VM9389,functional,2025-01-30
VM4892,decommissioned,2024-02-11
VM8750,repair,2023-02-01
VM6280,decommissioned,2021-03-03
VM3808,decommissioned,2021-03-17
VM9761,repair,2024-10-26
VM7015,decommissioned,2023-05-08
VM6360,decommissioned,2020-10-18
VM8615,repair,2022-09-24
VM2479,functional,2024-08-05
VM9131,decommissioned,2022-09-05
VM3290,decommissioned,2025-09-13
VM3532,functional,2022-05-07
VM1279,functional,2021-01-25
VM8494,decommissioned,2023-04-14
VM5560,repair,2022-11-20
VM7215,decommissioned,2023-11-27
VM7830,repair,2024-02-02
VM8741,repair,2022-11-06
VM2574,decommissioned,2020-11-11
VM1067,functional,2021-09-05
VM5764,decommissioned,2020-08-17
VM9278,decommissioned,2025-02-16
VM3577,decommissioned,2023-02-02
VM4035,decommissioned,2022-03-10
VM8131,functional,2025-10-14
VM9371,decommissioned,2020-10-13
VM7737,functional,2023-02-17
VM4851,functional,2021-02-04
VM7865,repair,2021-02-22
VM8771,repair,2021-09-03
VM7236,repair,2022-07-03
VM8871,repair,2023-09-13
VM7180,functional,2020-02-29
VM6255,repair,2025-01-04
VM5790,repair,2020-11-10
VM2040,decommissioned,2025-05-20
VM7075,decommissioned,2024-02-29
VM6162,repair,2024-05-18
VM6493,repair,2024-02-22
VM2521,repair,2025-10-13
VM5251,functional,2020-09-20
VM3230,repair,2024-10-19
VM8394,decommissioned,2020-03-22
VM1593,decommissioned,2023-01-14
VM8457,repair,2024-02-12
VM4096,functional,2023-03-27
VM7815,repair,2020-08-27
VM6431,repair,2020-12-15
VM9930,functional,2022-03-24
VM5917,repair,2022-02-23
VM2133,repair,2022-12-05
VM9495,decommissioned,2021-12-16
VM1263,decommissioned,2025-01-11
VM5717,functional,2025-08-01
VM4292,functional,2024-11-20
VM9657,decommissioned,2021-01-29
VM6117,decommissioned,2020-03-01
VM5929,repair,2025-09-18
VM3822,functional,2025-01-28
VM6509,functional,2022-08-27
VM4647,functional,2021-02-04
VM6829,decommissioned,2025-11-11
VM4400,functional,2025-11-11
VM5317,decommissioned,2024-01-16
VM7255,repair,2024-01-04
VM1917,decommissioned,2025-09-01
VM7487,repair,2020-01-03
VM1718,repair,2022-09-19
VM5197,repair,2020-03-28
VM6479,repair,2025-01-28
VM1058,repair,2024-03-07
VM3242,decommissioned,2021-10-18
VM1858,functional,2024-07-15
VM1820,decommissioned,2021-07-12
VM4646,decommissioned,2023-01-05
VM6623,repair,2024-11-24
VM8993,decommissioned,2023-01-01
VM1582,repair,2020-08-22
VM1783,repair,2020-03-26
VM8566,repair,2022-08-14
VM6605,repair,2022-02-11
VM9020,functional,2024-08-16
VM5488,repair,2021-12-23
VM3628,decommissioned,2021-08-31
VM4858,functional,2025-03-26
VM2335,functional,2022-10-09
VM3189,functional,2021-10-28
VM1523,repair,2022-01-20
VM3356,functional,2024-07-01
VM9066,decommissioned,2024-11-16
VM8416,functional,2023-08-24
VM8168,repair,2023-05-16
VM7348,functional,2020-01-04
VM9529,functional,2021-10-26
VM6211,decommissioned,2025-01-31
VM1185,repair,2021-04-07
VM3156,functional,2021-12-06
VM8114,functional,2024-07-24
VM4666,decommissioned,2023-10-30
VM5176,repair,2025-09-14
VM3625,decommissioned,2020-09-24
VM5171,functional,2024-10-03
VM5394,functional,2023-10-10
VM1275,repair,2020-06-26
VM1545,functional,2020-06-07
VM5258,decommissioned,2023-05-26
VM1637,decommissioned,2021-11-18
VM6951,functional,2024-06-14
VM2514,functional,2020-04-14
VM7819,repair,2022-01-15
VM2180,decommissioned,2020-09-09
VM1906,repair,2023-08-09
VM3409,decommissioned,2023-12-04
VM2003,functional,2024-01-04
VM4273,decommissioned,2025-07-17
VM6497,repair,2023-09-11
VM5255,decommissioned,2025-05-23
VM5112,decommissioned,2025-03-15
VM9531,repair,2020-02-25
VM9185,decommissioned,2020-09-23
VM5422,decommissioned,2025-08-18
VM8551,repair,2021-10-16
VM6536,functional,2022-08-22
VM7978,repair,2025-07-08
VM5801,repair,2023-05-01
VM1232,decommissioned,2025-03-01
VM1146,functional,2021-01-16
VM2160,functional,2023-12-10
VM2845,decommissioned,2022-08-28
VM4969,decommissioned,2022-06-30
VM3954,decommissioned,2022-06-24
VM5430,repair,2023-12-19
VM8298,repair,2020-11-14
VM4748,repair,2020-08-25
VM3442,repair,2021-09-09
VM7738,functional,2022-11-21
VM2421,functional,2020-09-28
VM5286,functional,2025-03-10
VM9722,repair,2024-09-04
VM7372,decommissioned,2024-07-09
VM7745,repair,2025-05-31
VM3476,repair,2020-08-08
VM3083,repair,2023-09-13
VM1196,functional,2020-05-09
VM6116,repair,2024-12-26
VM9343,functional,2024-07-06
VM1046,decommissioned,2021-10-09
VM7821,functional,2025-08-16
VM6288,functional,2020-04-09
VM7153,functional,2022-10-28
VM3957,repair,2021-06-20
VM9047,functional,2021-05-21
VM9315,repair,2025-06-04
VM8879,repair,2024-06-30
VM7047,repair,2023-09-18
VM5194,repair,2021-05-20
VM3243,repair,2023-08-10
VM2772,decommissioned,2023-08-24
VM6614,decommissioned,2022-12-25
VM6941,functional,2023-01-09
VM2483,repair,2025-05-01
VM7266,repair,2023-07-24
VM9486,repair,2022-07-11
VM6574,repair,2025-03-30
VM9734,repair,2020-12-25
VM3111,functional,2020-07-28
VM4972,decommissioned,2023-09-08
VM3396,functional,2024-04-03
VM2275,repair,2021-11-11
VM5438,decommissioned,2023-05-25
VM7028,decommissioned,2024-04-28
VM3028,repair,2025-05-15
VM4556,functional,2022-09-12
VM6730,decommissioned,2024-01-03
VM4491,functional,2024-09-19
VM3774,repair,2021-05-09
VM8572,repair,2024-09-01
VM8057,functional,2021-03-25
VM4249,decommissioned,2024-08-26
VM3838,repair,2021-04-16
VM2960,functional,2024-09-18
VM8917,decommissioned,2021-05-23
VM9024,repair,2025-01-15
VM6209,decommissioned,2023-04-24
VM5044,decommissioned,2024-01-13
VM3934,decommissioned,2025-02-19
VM6621,decommissioned,2024-03-22
VM4896,functional,2025-04-03
VM6694,decommissioned,2024-06-20
VM4166,functional,2025-09-18
VM9266,decommissioned,2021-07-03
VM9363,functional,2025-02-06
VM9411,decommissioned,2025-04-06
VM1658,repair,2024-04-25
VM5191,decommissioned,2022-03-26
VM9873,decommissioned,2021-03-04
VM5106,decommissioned,2025-07-06
VM7967,decommissioned,2020-12-17
VM9253,repair,2021-11-08
VM2501,decommissioned,2023-12-03
VM6683,repair,2023-06-26
VM6028,repair,2023-03-01
VM3255,functional,2020-12-11
VM6452,repair,2022-04-06
VM6164,decommissioned,2022-09-08
VM1093,repair,2025-02-17
VM1810,repair,2022-02-23
VM6915,repair,2022-06-09
VM6425,decommissioned,2025-01-02
VM5570,functional,2021-06-12
VM6868,decommissioned,2024-05-14
VM8875,repair,2023-10-20
VM9458,repair,2023-05-31
VM3754,decommissioned,2025-02-26
VM4074,repair,2022-07-30
VM3810,functional,2023-06-08
VM4683,decommissioned,2023-12-11
VM5026,repair,2020-10-15
VM1086,decommissioned,2023-06-29
VM4962,repair,2021-02-20
VM8392,repair,2024-11-30
VM8538,functional,2024-11-02
VM7486,decommissioned,2025-09-20
VM6097,functional,2022-05-07
VM8650,repair,2022-02-27
VM4026,repair,2025-08-01
VM9084,repair,2022-08-05
VM7857,functional,2022-10-20
VM3847,repair,2020-05-26
VM3672,functional,2020-02-23
VM4250,decommissioned,2023-04-18
VM8476,decommissioned,2021-03-26
VM2124,functional,2020-01-18
VM4667,repair,2022-05-10
VM5235,decommissioned,2021-10-13
VM1716,decommissioned,2023-04-02
VM3197,functional,2025-07-28
VM7341,decommissioned,2021-12-25
VM5229,repair,2023-11-16
VM7974,decommissioned,2024-12-02
VM7929,decommissioned,2022-04-27
VM4712,decommissioned,2025-07-13
VM1014,decommissioned,2022-02-27
VM8326,repair,2022-10-20
VM9090,functional,2024-05-29
VM9802,decommissioned,2023-06-01
VM6263,decommissioned,2024-10-21
VM2983,repair,2024-07-23
VM9578,functional,2024-08-22
VM4118,decommissioned,2023-10-04
VM8037,repair,2021-12-26
VM3504,decommissioned,2021-09-27
VM5379,decommissioned,2021-11-03
VM3660,functional,2024-12-25
VM7553,repair,2021-09-19
VM8967,decommissioned,2020-07-25
VM6437,decommissioned,2020-05-25
VM5563,functional,2020-12-23
VM6703,decommissioned,2025-04-15
VM4893,decommissioned,2025-09-23
VM9370,functional,2022-03-01
VM6153,decommissioned,2023-03-16
VM7749,repair,2024-10-10
VM5733,repair,2020-08-06
VM1726,repair,2023-09-07
VM2457,repair,2024-01-02
VM7988,decommissioned,2021-02-18
VM6505,repair,2025-07-21
VM5673,decommissioned,2020-02-03
VM9309,repair,2023-12-06
VM5064,functional,2023-04-08
VM7807,functional,2022-09-29
VM5263,repair,2025-01-06
VM5640,decommissioned,2020-06-07
VM1780,decommissioned,2021-05-26
VM9191,decommissioned,2021-12-10
VM3147,repair,2023-05-03
VM6447,repair,2025-07-12
VM2510,decommissioned,2024-01-02
VM3276,decommissioned,2020-11-05
VM3321,functional,2020-03-14
VM5807,repair,2020-03-05
VM1977,repair,2020-08-12
VM4188,functional,2024-09-26
VM5939,decommissioned,2023-07-20
VM7695,functional,2021-06-26
VM1332,repair,2020-06-15
VM1732,repair,2020-11-26
VM8312,decommissioned,2024-02-29
VM7018,functional,2020-07-28
VM1125,repair,2022-05-07
VM7671,repair,2025-06-11
VM5999,repair,2022-09-11
VM5077,repair,2025-03-30
VM7630,repair,2025-10-05
VM1111,functional,2020-04-19
VM7797,decommissioned,2023-02-05
VM8709,functional,2025-10-20
VM7665,repair,2025-06-23
VM9292,decommissioned,2021-03-11
VM1717,decommissioned,2023-08-08
VM1840,functional,2022-09-27
VM6840,repair,2020-01-16
VM1722,functional,2022-10-09
VM9160,functional,2024-06-10
VM1975,repair,2020-07-13
VM3589,functional,2023-09-23
VM1113,decommissioned,2024-03-19
VM3022,decommissioned,2021-08-05
VM5383,functional,2024-07-11
VM8438,decommissioned,2021-12-31
VM1580,functional,2021-09-21
VM4754,decommissioned,2024-08-03
VM9078,functional,2020-07-05
VM1802,functional,2022-07-10
VM1501,repair,2021-12-19
VM9139,repair,2022-04-10
VM4655,functional,2020-03-06
VM9781,decommissioned,2021-10-09
VM2283,repair,2021-06-29
VM4182,functional,2022-06-25
VM6837,repair,2021-11-07
VM7784,functional,2020-04-30
VM6561,repair,2023-05-06
VM4029,repair,2021-06-22
VM8332,repair,2023-09-28
VM6934,functional,2023-04-28
VM4480,decommissioned,2023-12-31
VM7343,functional,2024-06-08
VM3150,functional,2025-01-01
VM9339,functional,2020-02-13
VM1134,functional,2021-12-20
VM2991,decommissioned,2025-07-23
VM2819,repair,2022-01-19
VM6865,functional,2020-02-25
VM8508,repair,2023-04-07
VM4226,decommissioned,2022-07-30
VM8337,repair,2023-11-16
VM4769,decommissioned,2022-10-28
VM9168,functional,2023-03-06
VM8008,repair,2021-12-28
VM1758,functional,2024-01-20
VM2683,repair,2022-01-12
VM7393,decommissioned,2021-01-31
VM5087,decommissioned,2022-08-14
VM8453,decommissioned,2023-12-18
VM9818,decommissioned,2024-12-28
VM7914,repair,2022-08-29
VM6787,repair,2021-08-03
VM9112,functional,2020-05-31
VM8285,decommissioned,2023-01-18
VM2870,functional,2022-07-07
VM3077,decommissioned,2025-02-14
VM5532,functional,2021-01-24
VM7579,functional,2021-05-07
VM1606,decommissioned,2021-04-20
VM5182,repair,2020-04-12
VM4465,functional,2023-10-14
VM8411,decommissioned,2022-05-29
VM9552,functional,2023-02-01
VM1970,decommissioned,2024-10-02
VM2236,repair,2022-10-04
VM8081,repair,2023-07-16
VM9238,functional,2023-10-06
VM4534,decommissioned,2022-12-24
VM8801,functional,2023-12-21
VM7820,functional,2025-06-25
VM1973,functional,2025-11-09
VM6890,functional,2020-02-19
VM9621,decommissioned,2024-07-26
VM2399,decommissioned,2022-12-11
VM6909,functional,2024-02-02
VM9571,decommissioned,2020-07-10
VM8814,repair,2023-05-09
VM1870,repair,2021-10-28
VM6484,decommissioned,2021-10-07
VM8982,repair,2024-07-27
VM7319,repair,2022-12-06
VM6777,decommissioned,2024-04-29
VM4295,repair,2023-07-02
VM5842,decommissioned,2021-10-07
VM1138,decommissioned,2020-09-10
VM4034,functional,2025-08-27
VM9923,decommissioned,2023-09-16
VM7430,decommissioned,2024-04-07
VM2736,functional,2025-05-24
VM2239,functional,2024-01-13
VM6625,decommissioned,2020-02-29
VM3664,repair,2023-03-26
VM4837,functional,2022-05-22
VM2926,functional,2023-08-11
VM3850,repair,2023-01-31
VM5932,functional,2020-06-12
VM1353,decommissioned,2025-01-28
VM2876,repair,2022-03-31
VM6819,functional,2023-07-21
VM3169,decommissioned,2020-10-08
VM9004,repair,2023-01-04
VM6780,repair,2021-10-23
VM3154,functional,2022-06-12
VM2462,repair,2020-03-15
VM1515,functional,2023-06-29
VM8222,decommissioned,2021-12-03
VM4815,repair,2020-06-03
VM2866,functional,2022-05-28
VM8818,repair,2023-10-08
VM7873,functional,2023-12-07
VM9751,decommissioned,2023-07-02
VM2674,repair,2024-07-15
VM8303,repair,2025-11-05
VM4128,functional,2021-06-23
VM2446,decommissioned,2020-09-18
VM6374,decommissioned,2023-10-19
VM8839,repair,2020-10-20
VM6200,decommissioned,2021-05-21
VM9502,decommissioned,2021-04-03
VM9182,functional,2023-10-30
VM9146,repair,2020-06-29
VM9325,functional,2022-10-15
VM7342,decommissioned,2023-03-04
VM1042,repair,2023-12-12
VM9827,functional,2023-07-23
VM3634,functional,2023-11-03
VM7918,decommissioned,2025-01-07
VM4154,repair,2022-02-10
VM8808,functional,2024-06-17
VM7827,repair,2024-10-01
VM3701,repair,2025-03-13
VM9577,repair,2024-02-23
VM1020,repair,2020-04-25
VM3735,decommissioned,2021-05-23
VM9976,decommissioned,2022-04-29
VM2631,repair,2023-05-16
VM7597,repair,2022-08-09
VM5762,repair,2023-10-18
VM1833,functional,2023-05-14
VM9642,repair,2022-08-31
VM8072,repair,2024-05-11
VM4694,functional,2023-02-17
VM6031,repair,2022-07-25
VM1499,repair,2024-12-22
VM3233,repair,2023-10-14
VM3942,functional,2024-02-08
VM9250,repair,2024-11-16
VM1323,functional,2025-10-10
VM4147,decommissioned,2024-06-06
VM8854,repair,2022-06-15
VM5851,functional,2020-02-08
VM7381,functional,2022-05-22
VM1212,decommissioned,2021-08-20
VM8398,functional,2024-02-01
VM9237,repair,2022-04-05
VM9466,repair,2020-09-19
VM4151,repair,2024-01-10
VM1878,functional,2020-01-22
VM5998,repair,2022-11-04
VM4003,repair,2023-02-11
VM7572,functional,2025-06-18
VM3952,functional,2025-02-05
VM4272,repair,2023-12-22
VM9786,decommissioned,2021-12-25
VM6427,repair,2022-04-03
VM2852,decommissioned,2025-07-04
VM8638,functional,2023-03-09
VM2280,repair,2022-05-22
VM4835,functional,2022-06-03
VM8280,decommissioned,2020-02-08
VM2166,functional,2021-11-20
VM3514,functional,2025-06-28
VM1600,decommissioned,2020-02-13
VM4083,functional,2020-09-28
VM1954,decommissioned,2023-12-17
VM8978,functional,2021-09-03
VM7164,decommissioned,2023-10-10
VM3453,repair,2025-02-13
VM3676,decommissioned,2021-07-04
VM6633,functional,2022-01-25
VM5596,functional,2021-08-17
VM4671,functional,2021-03-18
VM7753,decommissioned,2025-02-21
VM7666,functional,2021-08-20
VM1989,repair,2021-04-14
VM7264,decommissioned,2024-03-14
VM2215,decommissioned,2021-10-20
VM4913,repair,2020-01-21
VM3870,repair,2022-05-26
VM7744,functional,2021-08-05
VM1399,decommissioned,2022-10-19
VM2556,repair,2022-07-06
VM2802,repair,2025-01-30
VM4425,functional,2023-12-01
VM3336,decommissioned,2025-01-30
VM3116,functional,2024-05-19
VM9515,decommissioned,2021-11-15
VM4388,functional,2020-03-20
VM6173,functional,2023-08-17
VM9550,repair,2024-01-27
VM1884,functional,2022-07-06
VM9673,decommissioned,2020-04-16
VM5374,decommissioned,2022-03-13
VM6850,repair,2025-02-17
VM6035,repair,2021-05-14
VM2741,decommissioned,2024-11-14
VM1731,functional,2021-11-05
VM3310,functional,2024-10-20
VM6423,repair,2021-11-01
VM6125,repair,2021-08-06
VM7481,repair,2020-02-06
VM3665,functional,2023-06-16
VM5154,functional,2024-02-14
VM6304,functional,2021-08-05
VM8050,functional,2024-03-11
VM6158,functional,2022-11-10
VM2970,functional,2023-07-04
VM5442,decommissioned,2025-11-16
VM2875,functional,2023-02-24
VM9135,repair,2023-07-19
VM4983,decommissioned,2022-02-02
VM9006,decommissioned,2021-02-12
VM2896,repair,2024-03-04
VM3439,decommissioned,2024-06-11
VM7098,functional,2021-06-23
VM3541,repair,2024-11-24
VM1396,decommissioned,2020-12-24
VM3436,repair,2022-12-30
VM5544,functional,2023-12-22
VM5041,decommissioned,2022-08-26
VM5736,repair,2020-06-16
VM9726,decommissioned,2021-11-24
VM9982,functional,2023-02-15
VM8929,functional,2024-05-14
VM2713,functional,2021-10-05
VM2822,functional,2020-02-19
VM1556,repair,2023-07-20
VM1552,decommissioned,2023-02-25
VM9712,functional,2021-12-17
VM6400,decommissioned,2024-11-07
VM1204,decommissioned,2021-07-06
VM2933,decommissioned,2022-06-19
VM2007,functional,2024-05-13
VM8726,functional,2024-04-09
VM4767,functional,2020-03-04
VM5413,repair,2023-09-02
VM5946,decommissioned,2022-09-16
VM7474,repair,2025-02-18
VM2115,functional,2022-12-26
VM5914,repair,2021-09-05
VM3726,repair,2021-04-23
VM8585,functional,2020-03-01
VM1213,repair,2020-02-25
VM7983,functional,2020-07-11
VM7756,functional,2024-11-11
VM1999,repair,2020-11-21
VM4878,repair,2025-09-27
VM8955,functional,2022-12-08
VM8708,repair,2021-03-01
VM1547,decommissioned,2024-07-11
VM4325,repair,2023-11-05
VM4333,repair,2020-06-01
VM7002,repair,2020-01-24
VM1345,decommissioned,2022-02-06
VM9260,repair,2020-09-09
VM5553,repair,2025-03-11
VM8433,repair,2020-02-05
VM3188,repair,2020-04-11
VM9880,repair,2022-07-07
VM8130,decommissioned,2023-09-10
VM4502,repair,2020-06-06
VM7374,decommissioned,2023-03-21
VM2382,decommissioned,2022-05-18
VM8567,decommissioned,2023-02-10
VM2538,decommissioned,2024-12-25
VM6728,functional,2021-05-02
VM4427,repair,2021-04-25
VM8779,functional,2023-10-26
VM1423,functional,2020-12-06
VM7886,decommissioned,2023-04-14
VM5688,repair,2025-02-01
VM4415,repair,2025-11-20
VM4459,functional,2021-11-11
VM5748,repair,2021-03-24
VM3152,repair,2023-02-17
VM8736,repair,2022-04-12
VM4391,repair,2021-01-22
VM9490,decommissioned,2023-10-24
VM4914,functional,2023-01-21
VM6722,functional,2025-06-12
VM2759,repair,2022-10-02
VM1589,functional,2020-10-30
VM1629,repair,2021-01-08
VM7022,repair,2021-06-17
VM8970,repair,2024-09-28
VM7458,repair,2025-05-28
VM4479,decommissioned,2023-04-18
VM4047,repair,2023-09-22
VM9409,decommissioned,2022-05-11
VM8575,decommissioned,2022-05-04
VM8241,decommissioned,2023-08-15
VM4413,functional,2024-06-03
VM2673,repair,2025-04-25
VM8842,decommissioned,2025-03-01
VM6052,functional,2025-03-20
VM4824,decommissioned,2023-12-09
VM7478,functional,2022-04-28
VM4828,decommissioned,2023-10-26
VM6854,functional,2024-05-29
VM9692,functional,2023-09-03
VM6418,decommissioned,2020-06-16
VM6307,functional,2021-02-14
VM3446,functional,2022-12-27
VM5682,decommissioned,2023-03-23
VM1799,decommissioned,2022-01-04
VM6247,repair,2025-02-25
VM9643,functional,2021-10-07
VM5611,repair,2024-12-08
VM1377,decommissioned,2022-01-26
VM3587,functional,2024-01-04
VM2887,functional,2022-04-02
VM7828,decommissioned,2020-05-11
VM7786,functional,2023-01-11
VM2047,decommissioned,2022-04-05
VM5221,decommissioned,2022-08-28
VM5462,functional,2020-12-19
VM1021,repair,2024-11-03
VM9103,functional,2022-04-21
VM9125,repair,2020-04-18
VM9559,repair,2021-09-01
VM7124,repair,2021-05-21
VM2578,repair,2023-01-01
VM4984,decommissioned,2022-03-12
VM8628,functional,2021-10-13
VM2277,repair,2020-01-19
VM7457,functional,2025-01-08
VM3749,repair,2022-12-01
VM7314,repair,2021-11-04
VM9796,decommissioned,2025-08-02
VM4545,repair,2024-11-05
VM7143,repair,2021-02-28
VM6564,decommissioned,2022-08-23
VM7691,functional,2023-06-04
VM5952,functional,2022-07-24
VM8038,functional,2020-10-30
VM8402,functional,2025-06-08
VM4617,decommissioned,2024-11-20
VM5050,repair,2022-04-19
VM1778,repair,2020-08-15
VM4833,decommissioned,2022-02-20
VM6464,functional,2023-11-01
VM4719,repair,2023-08-13
VM5311,decommissioned,2025-11-06
VM2054,functional,2024-10-18
VM1598,functional,2021-07-27
VM4812,functional,2025-04-03
VM7519,repair,2023-11-21
VM4511,repair,2024-08-28
VM8099,functional,2023-01-15
VM6375,functional,2025-05-30
VM7554,repair,2021-10-29
VM6656,functional,2020-05-22
VM3842,repair,2025-08-14
VM7748,repair,2025-06-18
VM4036,repair,2024-02-19
VM2524,decommissioned,2023-04-19
VM9919,decommissioned,2021-09-24
VM6512,repair,2022-07-16
VM4538,decommissioned,2020-02-07
VM1749,decommissioned,2022-05-17
VM8734,functional,2022-08-12
VM3892,functional,2024-12-20
VM2373,decommissioned,2023-06-04
VM7937,decommissioned,2021-11-15
VM8593,repair,2024-07-04
VM3178,functional,2023-09-27
VM9423,functional,2022-11-10
VM6049,decommissioned,2021-12-03
VM2388,repair,2022-04-19
VM9723,functional,2020-04-14
VM6726,functional,2025-06-18
VM4227,functional,2020-04-18
VM7641,repair,2025-03-07
VM8076,repair,2020-07-28
VM4936,decommissioned,2023-09-01
VM7883,repair,2022-01-05
VM2938,functional,2025-06-03
VM3753,functional,2025-01-31
VM8914,decommissioned,2024-11-03
VM2406,decommissioned,2024-06-04
VM6003,repair,2022-05-30
VM3171,repair,2021-04-24
VM8957,functional,2021-09-12
VM3094,repair,2020-03-16
VM2412,repair,2022-04-21
VM8227,repair,2023-02-11
VM5331,repair,2020-02-18
VM2899,functional,2022-10-12
VM5209,functional,2021-07-15
VM1680,functional,2025-06-24
VM7678,repair,2020-02-20
VM4113,decommissioned,2024-10-13
VM7655,functional,2020-04-22
VM4716,functional,2023-06-21
VM8888,repair,2025-04-21
VM9038,decommissioned,2023-11-21
VM8597,functional,2021-02-15
VM1484,functional,2020-03-09
VM3401,functional,2024-11-21
VM2551,repair,2025-04-11
VM2138,functional,2020-10-26
VM4993,functional,2020-01-28
VM5514,repair,2020-02-25
VM3185,decommissioned,2024-02-12
VM9773,decommissioned,2020-11-23
VM5646,functional,2020-03-12
VM7278,functional,2024-05-23
VM8673,functional,2024-11-18
VM5139,decommissioned,2024-07-10
VM6296,functional,2025-02-18
VM4315,decommissioned,2023-11-17
VM7995,decommissioned,2020-05-28
VM9601,repair,2023-12-29
VM3148,decommissioned,2021-12-11
VM2800,functional,2025-05-22
VM4183,decommissioned,2022-09-28
VM1389,functional,2020-08-04
VM7701,repair,2025-10-09
VM2494,repair,2023-10-02
VM4547,repair,2023-07-09
VM4488,repair,2021-12-21
VM3787,decommissioned,2022-12-21
VM7694,functional,2023-05-25
VM7225,decommissioned,2020-05-16
VM1163,repair,2023-12-04
VM3113,decommissioned,2021-04-29
VM1080,functional,2021-10-29
VM7912,decommissioned,2021-02-11
VM3253,repair,2021-10-30
VM9410,functional,2025-09-22
VM8290,repair,2023-12-30
VM1940,decommissioned,2025-04-01
VM8962,functional,2025-03-09
VM6981,functional,2024-03-21
VM8847,repair,2021-01-31
VM9521,functional,2024-02-26
VM5547,repair,2024-06-25
VM5130,repair,2022-02-28
VM4687,repair,2020-07-24
VM5676,decommissioned,2025-03-07
VM1306,decommissioned,2023-07-13
VM7402,functional,2023-05-24
VM4429,functional,2025-04-10
VM9121,repair,2024-10-18
VM3697,decommissioned,2023-02-05
VM8796,functional,2021-11-02
VM6677,functional,2022-06-08
VM7612,decommissioned,2024-12-16
VM7093,functional,2025-03-27
VM7816,decommissioned,2020-03-28
VM3035,functional,2021-08-16
VM3008,decommissioned,2020-12-09
VM7596,decommissioned,2021-10-27
VM1873,decommissioned,2022-06-04
VM6389,functional,2020-09-26
VM1043,functional,2025-07-14
VM5326,decommissioned,2023-01-15
VM2002,repair,2023-06-22
VM7924,repair,2024-03-03
VM4635,functional,2024-05-27
VM6474,functional,2023-05-19
VM7025,decommissioned,2024-05-04
VM7961,decommissioned,2024-04-02
VM7944,decommissioned,2024-10-03
VM5710,decommissioned,2021-04-26
VM3972,functional,2020-09-21
VM9221,repair,2024-01-15
VM8956,repair,2024-02-28
VM9175,repair,2024-02-21
VM9513,decommissioned,2020-05-23
VM4570,repair,2023-05-13
VM9979,functional,2021-11-18
VM5902,decommissioned,2021-04-15
VM2813,repair,2025-06-27
VM7059,functional,2024-01-01
VM3358,functional,2024-12-04
VM7916,repair,2020-10-28
VM4656,repair,2021-05-28
VM5906,repair,2023-11-17
VM6048,repair,2023-07-06
VM6011,decommissioned,2024-11-17
VM5674,functional,2020-07-18
VM4178,repair,2022-04-17
VM8234,decommissioned,2021-11-12
VM2881,repair,2020-02-19
VM6874,repair,2023-09-18
VM7685,functional,2025-11-18
VM3707,decommissioned,2023-02-11
VM3657,repair,2024-10-22
VM6755,repair,2021-06-07
VM5672,functional,2024-04-15
VM5491,repair,2023-04-02
VM9496,repair,2021-11-03
VM8713,functional,2025-09-22
VM4698,repair,2023-04-26
VM9709,functional,2023-05-21
VM8052,functional,2021-05-24
VM8407,repair,2020-05-24
VM9318,functional,2025-01-14
VM4872,decommissioned,2022-05-06
VM5869,repair,2022-03-06
VM9141,decommissioned,2020-01-13
VM7835,repair,2021-05-28
VM4379,functional,2024-07-09
VM4531,decommissioned,2024-04-18
VM9698,decommissioned,2022-05-23
VM9935,repair,2025-04-04
VM8545,functional,2022-11-18
VM5774,decommissioned,2021-03-09
VM4806,repair,2021-02-16
VM1769,decommissioned,2021-04-01
VM7130,functional,2020-01-18
VM4797,decommissioned,2021-12-10
VM8324,decommissioned,2022-05-04
VM1056,decommissioned,2020-05-23
VM2027,decommissioned,2021-11-27
VM8436,decommissioned,2022-09-08
VM3314,functional,2023-09-12
VM1785,decommissioned,2024-08-29
VM6897,decommissioned,2025-10-29
VM7317,functional,2021-05-29
VM4435,decommissioned,2025-08-19
VM4536,decommissioned,2024-04-20
VM9311,functional,2025-06-20
VM1968,functional,2023-05-13
VM8031,repair,2025-07-10
VM6877,functional,2021-09-03
VM1615,decommissioned,2024-08-17
VM5245,repair,2022-08-17
VM5861,decommissioned,2023-02-16
VM3258,repair,2025-05-27
VM9958,repair,2023-04-04
VM7316,decommissioned,2023-11-15
VM2351,repair,2021-07-30
VM9646,functional,2020-04-09
VM6187,functional,2020-02-17
VM7705,functional,2021-02-28
VM3829,repair,2022-01-14
VM9998,functional,2021-01-14
VM7122,repair,2024-11-09
VM6455,functional,2020-02-16
VM3284,decommissioned,2020-03-28
VM3553,repair,2024-08-07
VM2715,repair,2025-05-02
VM4558,repair,2023-08-24
VM1860,decommissioned,2023-12-26
VM1292,decommissioned,2022-08-23
VM8075,functional,2021-09-23
VM2972,functional,2020-12-28
VM9916,repair,2021-11-14
VM5093,functional,2022-09-23
VM1473,functional,2021-02-18
VM1464,repair,2023-06-05
VM8039,functional,2022-01-04
VM4714,repair,2020-05-21
VM8559,functional,2023-08-13
VM4022,functional,2022-07-17
VM7030,functional,2020-03-09
VM9595,decommissioned,2022-02-21
VM5142,decommissioned,2024-11-21
VM6438,functional,2025-11-16
VM2272,repair,2021-11-08
VM4737,decommissioned,2021-06-17
VM7170,decommissioned,2020-01-01
VM8589,functional,2023-09-04
VM2086,decommissioned,2025-11-02
VM3510,functional,2022-05-09
VM5307,functional,2024-11-08
VM6090,functional,2022-04-26
VM6359,repair,2025-06-27
VM9670,decommissioned,2023-11-14
VM4389,repair,2022-08-22
VM9538,decommissioned,2025-10-02
VM4823,functional,2024-07-04
VM7464,repair,2020-08-04
VM4011,functional,2025-05-11
VM8925,decommissioned,2025-04-29
VM2101,repair,2024-05-04
VM6039,functional,2025-05-03
VM9794,functional,2025-02-04
VM9706,repair,2023-05-07
VM7567,repair,2022-12-07
VM4439,repair,2022-07-03
VM3161,decommissioned,2025-06-03
VM4844,decommissioned,2023-06-08
VM1936,decommissioned,2023-08-14
VM6740,functional,2022-11-25
VM6448,repair,2020-07-14
VM7768,decommissioned,2023-04-20
VM4804,functional,2024-10-03
VM5714,decommissioned,2025-06-12
VM7207,repair,2025-01-03
VM5201,repair,2025-08-25
VM9545,repair,2023-03-09
VM8060,repair,2021-06-06
VM8429,decommissioned,2024-02-25
VM1920,repair,2022-01-12
VM8403,functional,2024-07-30
VM8447,repair,2020-05-30
VM6945,repair,2020-08-13
VM1595,functional,2024-09-15
VM1744,decommissioned,2024-01-16
VM6978,decommissioned,2024-11-15
VM4406,decommissioned,2022-12-08
VM3690,repair,2025-11-07
VM2113,functional,2021-11-20
VM9585,functional,2025-02-01
VM4387,decommissioned,2021-09-29
VM7115,repair,2024-05-16
VM7742,repair,2020-03-06
VM9588,decommissioned,2022-06-24
VM5517,repair,2021-06-11
VM3330,decommissioned,2025-07-22
VM9503,decommissioned,2023-11-06
VM3480,functional,2021-06-07
VM1278,decommissioned,2020-11-09
VM3844,decommissioned,2020-07-10
VM7040,repair,2022-01-22
VM4848,decommissioned,2024-12-09
VM4954,decommissioned,2020-10-21
VM4061,decommissioned,2020-05-02
VM2476,repair,2024-02-15
VM9187,decommissioned,2020-10-30
VM3482,functional,2020-10-06
VM6004,decommissioned,2024-07-23
VM4032,functional,2025-04-19
VM7441,decommissioned,2023-03-22
VM6067,decommissioned,2020-10-11
VM3593,repair,2021-05-06
VM1024,decommissioned,2025-10-12
VM2315,functional,2023-09-12
VM2872,repair,2020-07-24
VM2668,functional,2023-06-26
VM5481,functional,2025-03-09
VM6065,repair,2023-11-17
VM9833,repair,2025-03-19
VM2062,functional,2021-06-16
VM2928,repair,2024-01-11
VM2473,decommissioned,2020-07-23
VM7871,repair,2025-04-28
VM3417,functional,2023-02-10
VM2336,decommissioned,2020-09-25
VM3478,repair,2023-06-11
VM2732,decommissioned,2024-07-02
VM8245,functional,2022-08-07
VM8250,functional,2024-04-20
VM2782,repair,2020-11-14
VM9533,repair,2024-10-27
VM1269,functional,2021-10-28
VM9382,repair,2020-10-01
VM7472,decommissioned,2020-08-21
VM5205,functional,2025-03-26
VM6873,functional,2021-08-25
VM2709,functional,2024-01-13
VM3212,decommissioned,2024-01-23
VM5936,decommissioned,2021-05-07
VM7750,decommissioned,2020-03-18
VM6632,repair,2022-10-14
VM3814,decommissioned,2021-04-25
VM3529,decommissioned,2021-06-07
VM1980,decommissioned,2025-01-15
VM3218,repair,2022-09-24
VM6170,repair,2025-01-19
VM2074,decommissioned,2024-09-23
VM7392,functional,2021-03-08
VM9747,functional,2021-07-07
VM4859,repair,2022-03-03
VM8286,decommissioned,2021-11-28
VM3509,repair,2024-09-16
VM6204,decommissioned,2025-08-21
VM9892,functional,2022-05-27
VM4203,decommissioned,2022-07-21
VM7600,functional,2020-04-10
VM9128,functional,2024-03-11
VM9856,functional,2023-02-23
VM1701,functional,2024-01-09
VM8264,repair,2023-05-31
VM1034,decommissioned,2021-11-09
VM5639,functional,2023-03-15
VM1695,repair,2022-11-26
VM8155,repair,2020-03-19
VM5728,decommissioned,2020-10-26
VM1765,repair,2020-04-08
VM2327,functional,2025-06-28
VM4063,decommissioned,2023-12-28
VM6878,repair,2021-05-28
VM9509,decommissioned,2025-07-26
VM6217,functional,2025-04-15
VM9403,repair,2022-10-10
VM4701,functional,2020-08-24
VM6326,functional,2025-08-10
VM5363,repair,2024-08-09
VM4294,repair,2021-05-29
VM4931,decommissioned,2021-01-14
VM2611,repair,2024-12-22
VM3828,decommissioned,2022-11-01
VM1259,repair,2023-03-10
VM5605,repair,2021-02-18
VM4912,functional,2023-12-01
VM4057,decommissioned,2024-06-12
VM9989,repair,2023-11-21
VM9695,functional,2024-08-20
VM5313,repair,2020-09-18
VM6547,repair,2021-11-09
VM6147,repair,2024-07-01
VM2218,repair,2024-05-22
VM9886,decommissioned,2025-10-08
VM1931,repair,2023-11-05
VM1754,functional,2020-01-08
VM4591,repair,2021-11-17
VM3714,functional,2022-07-31
VM2268,decommissioned,2022-01-02
VM9785,decommissioned,2023-02-22
VM5943,repair,2021-06-13
VM3538,repair,2022-03-26
VM8951,repair,2024-07-06
VM9037,decommissioned,2025-03-12
VM7016,repair,2022-03-19
VM6428,functional,2025-06-17
VM9156,functional,2021-10-03
VM1271,decommissioned,2020-05-11
VM6983,functional,2023-03-14
VM2207,functional,2023-06-06
VM1099,functional,2021-06-08
VM8121,functional,2024-10-29
VM9099,functional,2020-01-03
VM7676,decommissioned,2022-05-14
VM8377,repair,2022-09-02
VM7101,functional,2023-03-02
VM4850,functional,2024-06-01
VM7936,repair,2024-05-17
VM7036,decommissioned,2024-11-09
VM6523,repair,2020-02-24
VM8619,repair,2021-09-19
VM9815,repair,2021-10-27
VM6811,decommissioned,2024-07-09
VM7089,functional,2020-07-18
VM2707,repair,2024-02-08
VM3207,decommissioned,2021-11-14
VM3339,repair,2020-10-02
VM6833,decommissioned,2020-09-21
VM9973,decommissioned,2024-03-29
VM3836,repair,2020-11-30
VM2912,functional,2020-06-01
VM1827,decommissioned,2020-04-27
VM4023,repair,2023-04-04
VM6348,functional,2021-09-23
VM8973,repair,2024-12-19
VM8153,repair,2020-07-20
VM4847,functional,2022-08-12
VM6023,functional,2023-08-24
VM9295,decommissioned,2024-02-06
VM7197,functional,2021-02-12
VM8185,repair,2025-02-21
VM7754,repair,2022-05-15
VM8918,functional,2025-04-01
VM2454,decommissioned,2025-06-05
VM9460,repair,2025-03-31
VM5288,decommissioned,2022-07-23
VM9543,decommissioned,2021-04-25
VM5133,decommissioned,2024-07-26
VM9936,repair,2021-06-06
VM2729,decommissioned,2025-04-25
VM5417,repair,2022-11-24
VM7505,functional,2025-06-13
VM3688,decommissioned,2024-08-19
VM5886,functional,2020-12-21
VM1745,repair,2023-06-12
VM7420,decommissioned,2022-04-20
VM3437,functional,2020-01-01
VM4548,functional,2024-08-21
VM7351,repair,2024-03-20
VM3600,repair,2022-07-14
VM6823,decommissioned,2025-06-30
VM6169,decommissioned,2025-06-28
VM5455,repair,2020-05-21
VM7232,repair,2023-06-05
VM5546,decommissioned,2024-01-07
VM7070,repair,2020-02-01
VM4230,decommissioned,2023-05-04
VM1912,decommissioned,2021-02-05
VM2883,functional,2024-03-26
VM1418,functional,2021-02-03
VM4602,functional,2022-03-28
VM3880,repair,2025-09-30
VM2823,functional,2021-01-16
VM6034,functional,2021-08-01
VM6551,functional,2024-07-25
VM8526,decommissioned,2020-08-21
VM5228,decommissioned,2024-06-23
VM3695,decommissioned,2022-10-13
VM7801,decommissioned,2024-12-04
VM7696,decommissioned,2025-04-11
VM3241,decommissioned,2020-07-10
VM7467,decommissioned,2025-11-12
VM9944,decommissioned,2023-04-08
VM9845,repair,2021-11-06
VM9795,repair,2021-07-03
VM6460,repair,2020-02-17
VM3219,functional,2020-06-14
VM8307,repair,2020-09-28
VM1411,decommissioned,2022-03-11
VM1166,functional,2022-08-01
VM4795,decommissioned,2022-08-10
VM2118,functional,2025-03-21
VM3641,functional,2024-05-27
VM1887,repair,2025-10-20
VM3337,functional,2022-02-21
VM5075,decommissioned,2025-05-17
VM3275,functional,2024-12-14
VM4618,functional,2024-09-04
VM1533,functional,2025-08-29
VM5030,decommissioned,2024-10-01
VM1851,functional,2024-12-20
VM2364,decommissioned,2021-03-31
VM2486,functional,2023-01-06
VM8249,functional,2021-11-14
VM3644,decommissioned,2021-05-22
VM3955,functional,2022-05-14
VM8356,repair,2023-03-14
VM8698,decommissioned,2020-10-09
VM8194,decommissioned,2024-02-02
VM7921,decommissioned,2023-12-23
VM9668,functional,2024-12-02
VM4891,decommissioned,2020-02-06
VM3229,functional,2025-10-05
VM1983,decommissioned,2023-11-19
VM8217,decommissioned,2025-06-15
VM3489,repair,2025-04-10
VM1157,decommissioned,2021-09-29
VM1041,decommissioned,2021-10-21
VM5616,repair,2023-10-17
VM9969,repair,2021-06-26
VM2411,functional,2022-02-27
VM3947,functional,2023-10-27
VM8463,decommissioned,2021-08-09
VM3834,decommissioned,2023-02-01
VM9276,functional,2024-01-21
VM1282,repair,2020-06-29
VM7569,repair,2022-05-01
VM4630,repair,2021-11-15
VM2263,decommissioned,2020-07-28
VM3969,repair,2023-07-05
VM9462,functional,2022-06-19
VM3367,functional,2024-01-10
VM3809,decommissioned,2025-03-29
VM3841,repair,2023-09-26
VM9164,repair,2023-04-23
VM1772,decommissioned,2021-04-02
VM8910,decommissioned,2025-11-14
VM7310,functional,2021-04-19
VM5528,decommissioned,2023-02-09
VM6019,functional,2023-10-13
VM1902,functional,2022-06-10
VM7035,repair,2022-02-18
VM1621,functional,2025-11-03
VM1963,functional,2025-10-23
VM2353,decommissioned,2021-12-17
VM3910,decommissioned,2023-11-08
VM3632,decommissioned,2022-02-06
VM9321,repair,2023-08-19
VM8444,decommissioned,2021-12-08
VM5002,repair,2025-03-21
VM5571,decommissioned,2025-01-21
VM5236,repair,2021-01-23
VM1208,repair,2020-04-15
VM1305,repair,2024-12-12
VM2032,repair,2025-10-11
VM4012,repair,2021-05-17
VM6462,functional,2022-07-10
VM2255,repair,2024-06-24
VM4923,decommissioned,2024-08-08
VM3747,repair,2022-10-12
VM4937,repair,2020-01-16
VM5779,decommissioned,2021-09-14
VM4659,repair,2024-04-22
VM2789,repair,2025-09-26
VM7259,decommissioned,2020-06-01
VM6384,decommissioned,2022-03-26
VM9227,functional,2024-05-06
VM4574,decommissioned,2024-05-12
VM1566,decommissioned,2020-01-21
VM1489,functional,2025-02-26
VM8696,decommissioned,2021-08-16
VM2974,functional,2024-03-04
VM9757,functional,2021-08-08
VM5322,functional,2023-01-28
VM1604,repair,2024-10-28
VM3686,repair,2023-11-08
VM1245,repair,2021-07-15
VM7711,repair,2020-08-12
VM7884,repair,2025-08-10
VM4728,repair,2020-03-26
VM6190,functional,2025-01-03
VM8510,functional,2021-06-05
VM7111,repair,2021-11-14
VM3469,repair,2025-03-22
VM2624,functional,2020-12-19
VM1103,repair,2024-04-03
VM7325,decommissioned,2024-01-13
VM9631,functional,2020-12-29
VM7952,repair,2022-10-03
VM3790,repair,2020-07-27
VM1105,functional,2025-11-11
VM7669,functional,2024-07-12
VM4423,decommissioned,2023-09-11
VM4119,functional,2020-03-13
VM1966,functional,2022-10-15
VM5305,repair,2022-04-16
VM2033,repair,2025-02-22
VM2687,repair,2025-10-05
VM1900,functional,2020-10-29
VM8515,functional,2020-02-16
VM2350,repair,2021-09-10
VM7217,functional,2021-04-06
VM2946,repair,2022-06-29
VM2942,decommissioned,2023-08-01
VM2989,functional,2023-05-29
VM9427,functional,2022-01-12
VM7619,functional,2023-05-11
VM8259,decommissioned,2020-03-26
VM6467,repair,2025-11-19
VM3431,decommissioned,2020-11-24
VM8578,repair,2021-03-03
VM7496,functional,2022-11-27
VM6775,repair,2021-02-01
VM1000,repair,2023-02-02
VM1696,functional,2022-06-19
VM7837,repair,2024-02-02
VM3899,functional,2021-10-12
VM6571,repair,2023-08-09
VM7413,functional,2022-08-28
VM8211,decommissioned,2024-04-04
VM6092,decommissioned,2022-04-30
VM6968,functional,2025-05-22
VM7732,functional,2024-04-23
VM3084,decommissioned,2022-10-10
VM6766,decommissioned,2025-03-02
VM8395,functional,2020-01-17
VM2815,functional,2022-05-30
VM3998,decommissioned,2022-08-30
VM1897,decommissioned,2020-07-01
VM3500,decommissioned,2024-08-25
VM4800,functional,2024-08-20
VM2874,decommissioned,2023-03-19
VM8531,decommissioned,2022-08-14
VM7301,repair,2025-09-05
VM3912,repair,2024-12-01
VM3164,functional,2025-03-01
VM8822,repair,2023-04-14
VM7529,repair,2023-12-22
VM7288,functional,2023-01-08
VM5877,decommissioned,2020-11-10
VM4906,repair,2025-11-02
VM3003,functional,2025-02-23
VM5515,decommissioned,2022-05-24
VM2947,repair,2022-08-22
VM3904,decommissioned,2022-02-21
VM3421,functional,2022-02-28
VM3057,decommissioned,2024-03-07
VM2344,functional,2020-09-10
VM9681,repair,2023-01-10
VM8614,decommissioned,2024-08-19
VM9273,functional,2020-10-14
VM9745,functional,2020-06-09
VM2537,decommissioned,2025-05-11
VM6965,decommissioned,2022-07-06
VM2703,repair,2025-05-27
VM8439,decommissioned,2021-04-14
VM7363,functional,2023-07-02
VM6373,repair,2025-06-10
VM6084,decommissioned,2022-11-06
VM5579,functional,2021-05-05
VM9593,repair,2025-03-23
VM7216,repair,2024-02-07
VM4874,decommissioned,2025-08-02
VM5649,repair,2025-04-01
VM5485,decommissioned,2023-08-21
VM2503,repair,2020-05-07
VM8788,repair,2024-10-25
VM2763,decommissioned,2024-12-26
VM2197,decommissioned,2020-02-11
VM8988,decommissioned,2020-07-11
VM5500,functional,2022-07-12
VM5839,repair,2021-05-02
VM2653,decommissioned,2023-12-13
VM9667,functional,2025-03-20
VM4895,decommissioned,2022-01-15
VM8182,functional,2021-11-29
VM1115,decommissioned,2022-06-15
VM8885,repair,2021-07-07
VM7042,functional,2024-07-05
VM2893,repair,2024-02-18
VM3601,decommissioned,2023-12-03
VM6508,repair,2021-03-08
VM8682,decommissioned,2025-06-20
VM2935,functional,2024-07-09
VM2414,decommissioned,2020-09-08
VM3940,repair,2021-10-29
VM6245,decommissioned,2024-01-17
VM8448,decommissioned,2024-08-30
VM2842,repair,2023-09-03
VM3526,decommissioned,2023-08-17
VM6585,repair,2023-05-19
VM3168,decommissioned,2020-05-24
VM1520,repair,2025-07-27
VM7761,decommissioned,2022-11-05
VM4466,decommissioned,2024-01-18
VM9477,repair,2025-11-04
VM8288,repair,2025-03-17
VM7796,repair,2020-12-18
VM8246,repair,2025-03-14
VM1393,functional,2020-10-22
VM9033,functional,2023-06-26
VM1721,functional,2020-08-23
VM4397,functional,2021-07-19
VM2871,repair,2022-07-23
VM1328,decommissioned,2023-11-23
VM4866,decommissioned,2021-11-11
VM5549,decommissioned,2024-03-03
VM6975,decommissioned,2025-07-30
VM5001,functional,2021-12-06
VM2196,decommissioned,2022-07-26
VM1431,functional,2024-07-16
VM1135,repair,2024-10-19
VM8208,decommissioned,2022-05-04
VM1035,decommissioned,2021-08-10
VM7017,decommissioned,2022-09-14
VM3729,decommissioned,2023-06-30
VM4467,decommissioned,2021-11-16
VM1258,decommissioned,2025-10-11
VM7885,functional,2021-08-20
VM2337,functional,2024-12-31
VM1057,functional,2025-08-22
VM2342,repair,2021-05-30
VM9211,functional,2023-01-10
VM6989,functional,2023-12-13
VM7582,repair,2023-06-02
VM7841,repair,2024-04-01
VM4975,decommissioned,2020-06-19
VM7636,repair,2024-05-19
VM6982,repair,2024-06-30
VM1797,repair,2024-10-31
VM9704,decommissioned,2023-10-05
VM5380,repair,2021-07-02
VM4269,repair,2024-05-10
VM5314,repair,2024-11-01
VM3552,repair,2024-03-26
VM7082,decommissioned,2024-03-02
VM5040,repair,2022-04-10
VM9249,decommissioned,2021-02-20
VM7855,repair,2020-05-14
VM7791,functional,2020-04-30
VM6322,functional,2021-05-18
VM1242,decommissioned,2021-02-13
VM1160,repair,2024-02-28
VM5568,repair,2021-03-22
VM4638,decommissioned,2023-01-07
VM9071,functional,2022-02-07
VM2304,repair,2022-12-08
VM3580,decommissioned,2021-03-15
VM8817,functional,2022-03-06
VM8381,repair,2022-10-18
VM6704,repair,2020-05-20
VM7328,functional,2023-04-09
VM2070,decommissioned,2020-01-24
VM8338,repair,2025-07-08
VM3823,functional,2020-07-23
VM9310,repair,2024-09-19
VM6123,functional,2025-05-21
VM5734,functional,2020-04-19
VM5993,decommissioned,2025-05-05
VM8375,decommissioned,2025-07-24
VM2108,decommissioned,2024-11-24
VM5025,repair,2021-11-12
VM9965,functional,2025-09-05
VM1830,repair,2021-11-19
VM5520,decommissioned,2023-10-18
VM8393,functional,2022-03-12
VM8163,repair,2020-10-17
VM8364,functional,2024-12-24
VM7651,functional,2021-05-30
VM3248,functional,2021-07-15
VM9329,decommissioned,2020-09-01
VM8043,decommissioned,2022-11-18
VM6134,decommissioned,2021-11-11
VM9481,decommissioned,2025-03-31
VM2192,functional,2022-04-24
VM1078,repair,2024-12-13
VM5626,functional,2023-06-08
VM7724,functional,2024-03-23
VM4239,decommissioned,2020-10-05
VM5492,decommissioned,2022-11-05
VM5238,functional,2023-09-03
VM3765,functional,2022-12-17
VM1622,functional,2025-07-23
VM1771,repair,2023-08-08
VM1167,functional,2020-05-08
VM6302,decommissioned,2020-02-24
VM6702,functional,2025-11-09
VM9195,functional,2024-03-13
VM9281,decommissioned,2025-09-28
VM6250,repair,2024-09-07
VM5125,decommissioned,2020-03-28
VM1944,functional,2024-10-18
VM9294,decommissioned,2025-11-15
VM4078,decommissioned,2024-07-26
VM7245,functional,2021-05-24
VM1528,functional,2020-05-18
VM1324,repair,2020-01-17
VM6900,decommissioned,2021-02-23
VM1773,repair,2022-08-04
VM4589,repair,2020-03-20
VM3451,repair,2023-10-02
VM6588,decommissioned,2022-07-02
VM3923,decommissioned,2024-05-09
VM5108,repair,2020-03-19
VM6717,repair,2024-09-13
VM5415,repair,2022-05-26
VM8564,repair,2021-03-02
VM1892,functional,2020-11-26
VM1004,repair,2022-05-01
VM6589,decommissioned,2020-06-19
VM5742,decommissioned,2022-09-29
VM8690,functional,2020-05-27
VM5964,repair,2023-10-04
VM4260,repair,2021-09-18
VM3216,decommissioned,2021-10-14
VM9302,repair,2024-04-17
VM7969,repair,2022-12-09
VM3867,decommissioned,2025-11-13
VM5179,repair,2022-11-20
VM7528,decommissioned,2021-05-29
VM4932,repair,2021-05-07
VM2644,functional,2020-04-09
VM3996,functional,2021-05-08
VM9390,repair,2023-08-29
VM1094,functional,2021-01-19
VM8689,functional,2020-10-19
VM6207,functional,2023-01-01
VM2841,decommissioned,2024-11-09
VM8023,functional,2025-04-09
VM8969,repair,2025-03-22
VM7142,functional,2020-02-15
VM5613,functional,2022-09-17
VM9074,decommissioned,2021-12-17
VM9840,repair,2021-09-17
VM9012,repair,2023-05-05
VM5552,repair,2024-02-24
VM5092,decommissioned,2025-07-01
VM3922,repair,2025-06-02
VM5136,functional,2024-08-22
VM9926,repair,2020-07-30
VM1032,decommissioned,2024-10-25
VM3578,repair,2024-08-25
VM6367,decommissioned,2020-12-01
VM5835,repair,2024-11-24
VM4675,functional,2023-06-15
VM8242,functional,2023-02-19
VM7313,decommissioned,2023-06-17
VM8670,decommissioned,2021-01-22
VM8659,decommissioned,2023-05-24
VM3540,functional,2021-04-17
VM1882,functional,2021-05-22
VM3441,functional,2023-11-14
VM8126,functional,2022-01-05
VM2387,decommissioned,2021-05-20
VM7785,decommissioned,2022-07-06
VM6350,decommissioned,2025-06-03
VM3246,decommissioned,2025-02-19
VM2269,repair,2025-04-02
VM4059,functional,2024-07-22
VM7804,functional,2022-09-21
VM9547,functional,2020-08-03
VM3702,functional,2024-04-20
VM9241,functional,2021-08-16
VM3254,decommissioned,2025-04-29
VM6120,repair,2023-06-25
VM9431,repair,2023-05-09
VM7976,repair,2021-04-11
VM9425,decommissioned,2025-11-09
VM1984,decommissioned,2022-12-28
VM3739,functional,2021-08-28
VM9732,decommissioned,2023-05-09
VM1955,functional,2021-01-29
VM5019,decommissioned,2025-08-10
VM5193,functional,2025-05-06
VM8162,decommissioned,2023-09-03
VM1800,decommissioned,2021-08-01
VM9857,repair,2024-10-11
VM3427,repair,2021-09-30
VM5953,repair,2024-03-16
VM8849,functional,2021-04-24
VM4995,repair,2024-09-07
VM5991,repair,2021-10-03
VM7843,functional,2021-06-02
VM3883,functional,2023-12-09
VM3348,repair,2025-02-07
VM9879,repair,2025-01-14
VM7007,repair,2021-05-05
VM1893,functional,2024-09-26
VM5537,functional,2023-08-18
VM6606,decommissioned,2020-04-15
VM4752,functional,2021-11-25
VM4042,decommissioned,2025-01-25
VM6805,decommissioned,2024-02-11
VM3089,functional,2023-05-26
VM4594,decommissioned,2021-10-13
VM2626,repair,2022-04-18
VM4731,repair,2022-09-10
VM5497,functional,2022-02-25
VM5689,decommissioned,2024-06-20
VM9508,repair,2021-11-15
VM2754,decommissioned,2020-09-07
VM1768,repair,2024-07-13
VM2981,repair,2020-03-09
VM9148,functional,2020-01-11
VM8221,functional,2024-06-19
VM8852,functional,2021-11-12
VM4957,decommissioned,2021-06-07
VM5384,functional,2023-06-16
VM7803,repair,2024-05-30
VM9116,decommissioned,2022-10-10
VM4854,repair,2022-02-09
VM1171,functional,2023-11-23
VM9876,functional,2020-05-23
VM5504,functional,2022-03-16
VM9314,functional,2021-03-07
VM2107,functional,2024-10-13
VM8764,decommissioned,2025-05-17
VM4523,repair,2024-10-05
VM6786,repair,2022-10-11
VM2270,functional,2020-02-08
VM9435,functional,2021-06-23
VM8011,decommissioned,2022-05-03
VM8066,repair,2020-08-29
VM8344,repair,2021-04-30
VM2051,decommissioned,2020-09-06
VM3092,decommissioned,2021-11-21
VM6259,functional,2022-01-24
VM7242,repair,2025-06-11
VM3120,decommissioned,2023-11-14
VM5489,functional,2020-08-09
VM1304,decommissioned,2025-05-10
VM4677,functional,2022-09-26
VM2023,functional,2022-05-29
VM1525,repair,2021-10-17
VM5795,repair,2021-11-14
VM5038,functional,2021-06-11
VM4794,repair,2021-03-27
VM3624,functional,2023-07-19
VM7494,decommissioned,2021-09-23
VM9366,repair,2020-11-20
VM2109,decommissioned,2022-03-19
VM2663,functional,2022-06-21
VM6021,repair,2024-03-02
VM3971,decommissioned,2024-10-14
VM2072,decommissioned,2020-01-28
VM3393,decommissioned,2023-01-25
VM3639,functional,2023-12-22
VM6640,repair,2025-03-11
VM3985,functional,2022-08-13
VM5975,decommissioned,2025-11-06
VM3399,decommissioned,2022-12-07
VM1857,repair,2020-09-19
VM8013,repair,2023-04-11
VM9228,decommissioned,2024-08-21
VM5745,functional,2023-09-11
VM7447,functional,2020-07-16
VM4539,decommissioned,2021-06-19
VM8810,repair,2023-10-26
VM9504,repair,2023-05-03
VM8672,repair,2022-09-30
VM5957,decommissioned,2021-04-10
VM1826,repair,2023-10-07
VM1957,decommissioned,2025-03-09
VM4284,functional,2023-07-27
VM1565,decommissioned,2024-05-13
VM2646,functional,2021-10-01
VM7060,repair,2023-03-30
VM4130,decommissioned,2020-05-22
VM6602,repair,2025-08-29
VM8891,decommissioned,2022-06-11
VM2757,functional,2020-02-25
VM6960,decommissioned,2020-08-18
VM9803,repair,2021-03-07
VM3821,functional,2022-07-16
VM4240,functional,2025-08-10
VM4221,repair,2021-06-10
VM8920,functional,2024-04-20
VM9097,decommissioned,2025-05-26
VM6046,repair,2021-07-01
VM7832,repair,2020-09-02
VM3559,repair,2023-02-07
VM3425,repair,2022-01-21
VM6546,repair,2025-05-07
VM4243,repair,2022-06-16
VM4002,decommissioned,2023-02-06
VM7076,functional,2024-02-21
VM1852,functional,2024-06-21
VM2129,decommissioned,2025-10-12
VM5114,functional,2022-07-17
VM7358,repair,2023-04-13
VM1276,decommissioned,2022-04-15
VM4817,decommissioned,2023-05-20
VM1452,repair,2024-05-08
VM4764,functional,2021-04-29
VM1188,repair,2023-03-20
VM8934,decommissioned,2021-02-06
VM2386,repair,2021-04-21
VM4152,repair,2020-06-23
VM4684,repair,2024-08-04
VM7338,decommissioned,2022-08-26
VM7426,functional,2021-04-04
VM7283,functional,2024-11-23
VM5830,repair,2025-06-02
VM1238,repair,2021-10-30
VM8923,functional,2020-03-21
VM6333,functional,2022-04-15
VM7954,decommissioned,2021-03-13
VM3651,decommissioned,2022-08-17
VM2695,functional,2025-01-28
VM5706,repair,2023-05-06
VM8968,decommissioned,2023-08-07
VM1052,decommissioned,2025-01-09
VM2804,repair,2025-07-20
VM8815,repair,2024-05-09
VM3044,functional,2025-07-03
VM5424,decommissioned,2024-05-08
VM6866,functional,2021-09-21
VM1868,decommissioned,2021-05-04
VM9651,functional,2025-05-25
VM7049,functional,2022-06-26
VM8137,functional,2024-08-16
VM9649,functional,2023-10-28
VM2690,decommissioned,2021-01-18
VM7268,decommissioned,2025-07-06
VM9108,repair,2020-02-16
VM1706,repair,2024-03-22
VM3859,functional,2021-08-05
VM5213,functional,2025-06-27
VM1084,functional,2021-01-29
VM2764,functional,2022-07-10
VM2274,repair,2020-02-12
VM2696,functional,2024-12-21
VM4982,repair,2024-09-04
VM6349,functional,2023-01-18
VM3335,functional,2021-01-06
VM6416,repair,2024-01-13
VM4530,repair,2021-06-27
VM7653,decommissioned,2021-07-15
VM2212,repair,2020-05-01
VM1223,functional,2024-09-20
VM1895,repair,2023-01-02
VM9451,functional,2021-09-26
VM4205,decommissioned,2020-07-22
VM9769,repair,2025-03-10
VM7870,repair,2024-05-12
VM8484,functional,2023-08-18
VM3637,decommissioned,2020-10-26
VM2810,repair,2021-02-03
VM9630,repair,2022-05-13
VM1075,repair,2025-09-07
VM3648,decommissioned,2025-03-29
VM1077,functional,2022-06-16
VM5452,decommissioned,2020-12-28
VM3958,decommissioned,2024-12-04
VM7290,repair,2024-12-26
VM7576,functional,2024-06-07
VM8300,repair,2023-04-17
VM6841,functional,2025-06-18
VM7622,functional,2023-04-29
VM9766,functional,2025-08-24
VM5578,decommissioned,2022-11-25
VM9731,decommissioned,2023-03-18
VM1781,decommissioned,2021-10-28
VM2460,repair,2020-11-09
VM7436,decommissioned,2020-02-06
VM4744,decommissioned,2021-04-30
VM8841,repair,2021-06-01
VM8723,repair,2023-12-15
VM6439,decommissioned,2023-04-01
VM7251,repair,2023-08-29
VM3796,functional,2022-10-11
VM5496,functional,2022-07-30
VM3291,functional,2024-05-21
VM8176,functional,2025-10-14
VM7113,functional,2023-05-03
VM1911,repair,2024-10-15
VM1432,functional,2025-09-08
VM5334,functional,2020-02-11
VM4816,decommissioned,2025-11-03
VM6653,decommissioned,2023-07-23
VM1028,decommissioned,2022-05-11
VM7849,repair,2022-07-07
VM8785,functional,2021-10-31
VM5174,repair,2023-01-05
VM2689,decommissioned,2022-11-28
VM2173,repair,2024-05-19
VM9127,functional,2021-01-31
VM3981,functional,2022-06-15
VM2355,decommissioned,2022-06-15
VM8740,decommissioned,2022-11-14
VM8049,repair,2023-01-14
VM3662,decommissioned,2024-07-15
VM8778,repair,2022-04-28
VM3374,repair,2021-06-23
VM8386,repair,2025-10-06
VM1815,repair,2022-01-24
VM4318,repair,2024-04-10
VM2594,repair,2021-12-22
VM4233,functional,2023-04-29
VM8902,functional,2024-08-08
VM7509,decommissioned,2025-09-08
VM9914,decommissioned,2021-02-14
VM3610,decommissioned,2025-02-24
VM3301,decommissioned,2024-02-16
VM1519,decommissioned,2020-09-22
VM2425,decommissioned,2022-01-15
VM7231,decommissioned,2023-03-04
VM6699,decommissioned,2024-04-03
VM5219,repair,2020-02-20
VM6511,repair,2022-06-02
VM5670,repair,2024-08-09
VM6670,repair,2023-09-26
VM9293,decommissioned,2024-03-31
VM2281,functional,2024-02-27
VM3466,functional,2025-05-17
VM9054,repair,2023-09-27
VM7531,repair,2020-08-15
VM6646,decommissioned,2021-09-12
VM4955,decommissioned,2024-05-01
VM7521,decommissioned,2024-01-10
VM3352,functional,2025-04-20
VM5791,repair,2023-05-09
VM9963,functional,2024-04-20
VM1817,repair,2023-03-26
VM1913,decommissioned,2025-08-10
VM5345,repair,2024-10-27
VM9395,decommissioned,2020-07-02
VM5279,repair,2025-05-23
VM1710,functional,2025-05-03
VM9258,decommissioned,2020-11-05
VM4469,decommissioned,2022-07-17
VM2172,functional,2020-06-29
VM4453,decommissioned,2021-09-14
VM9947,decommissioned,2023-05-06
VM7993,functional,2020-01-09
VM4382,decommissioned,2024-02-03
VM8078,functional,2023-05-11
VM8800,decommissioned,2024-09-24
VM7309,decommissioned,2021-05-16
VM5584,repair,2020-02-10
VM5168,repair,2023-08-31
VM9655,repair,2024-04-12
VM1048,repair,2022-07-23
VM1665,repair,2023-11-20
VM8830,functional,2023-04-26
VM6172,repair,2023-09-08
VM5022,decommissioned,2020-02-26
VM8306,repair,2024-02-12
VM1964,decommissioned,2023-12-11
VM8656,repair,2022-09-28
VM3402,functional,2022-05-10
VM7005,functional,2024-07-09
VM3938,functional,2022-08-03
VM1997,functional,2022-06-30
VM9188,repair,2021-08-28
VM8662,decommissioned,2024-10-22
VM9082,decommissioned,2025-08-15
VM7743,functional,2020-02-29
VM7504,functional,2025-06-12
VM5765,functional,2020-05-05
VM8611,decommissioned,2024-08-26
VM2737,repair,2024-11-23
VM5316,repair,2020-01-28
VM1044,repair,2021-02-08
VM1366,decommissioned,2024-10-05
VM3191,functional,2023-12-20
VM2243,repair,2022-04-01
VM3124,repair,2022-11-01
VM8924,decommissioned,2022-10-03
VM1384,functional,2025-08-02
VM1506,repair,2020-04-20
VM1405,functional,2021-11-13
VM6501,functional,2023-10-12
VM1177,repair,2021-06-04
VM8197,repair,2025-11-17
VM7624,decommissioned,2025-04-22
VM2528,decommissioned,2024-10-03
VM2742,repair,2021-09-01
VM5686,repair,2023-06-16
VM4989,decommissioned,2022-10-23
VM8600,functional,2021-12-24
VM2213,decommissioned,2022-08-25
VM3125,repair,2022-09-16
VM8704,repair,2020-01-06
VM5981,repair,2024-06-07
VM6064,repair,2024-01-30
VM9280,decommissioned,2020-04-07
VM7981,repair,2022-02-11
VM5955,decommissioned,2020-06-11
VM7294,functional,2024-04-04
VM9162,decommissioned,2022-12-27
VM1183,decommissioned,2022-06-19
VM4484,repair,2020-02-05
VM5555,functional,2024-10-24
VM8630,decommissioned,2020-08-07
VM9768,repair,2022-06-27
VM3010,functional,2024-06-27
VM7456,decommissioned,2020-01-26
VM2657,functional,2023-09-27
VM5866,repair,2025-02-16
VM3643,repair,2023-02-26
VM4014,decommissioned,2021-08-14
VM6628,decommissioned,2021-05-14
VM1640,decommissioned,2021-08-02
VM6449,functional,2024-01-01
VM4803,functional,2022-11-14
VM9001,decommissioned,2022-07-18
VM6430,decommissioned,2024-07-21
VM8483,decommissioned,2021-03-28
VM4219,decommissioned,2022-11-22
VM8046,repair,2023-10-03
VM3756,repair,2021-10-05
VM9214,repair,2022-03-26
VM6072,repair,2023-08-03
VM5567,decommissioned,2020-11-15
VM9638,decommissioned,2020-08-12
VM1991,repair,2024-10-02
VM2475,decommissioned,2020-04-25
VM8772,functional,2022-07-29
VM8178,functional,2022-11-11
VM7608,functional,2020-07-07
VM3332,repair,2025-03-23
VM2004,repair,2023-03-26
VM4965,decommissioned,2022-12-18
VM6303,repair,2021-06-09
VM1434,decommissioned,2022-07-03
VM5098,repair,2020-12-16
VM5662,repair,2021-09-15
VM7985,decommissioned,2021-11-16
VM3492,repair,2022-01-04
VM4999,repair,2023-01-02
VM9333,decommissioned,2024-06-15
VM7591,functional,2021-01-16
VM9419,repair,2020-12-31
VM3199,functional,2024-08-12
VM3428,repair,2020-04-09
VM9561,repair,2020-06-10
VM9904,functional,2024-10-06
VM5900,repair,2020-01-08
VM3900,decommissioned,2023-06-07
VM4433,decommissioned,2025-05-22
VM4686,decommissioned,2022-07-28
VM9622,decommissioned,2021-01-08
VM3837,functional,2020-07-01
VM3270,decommissioned,2023-10-18
VM8496,functional,2021-09-22
VM5630,decommissioned,2020-07-18
VM7683,repair,2024-08-24
VM7013,repair,2020-07-11
VM9506,functional,2023-11-15
VM8571,repair,2021-07-11
VM5242,functional,2025-08-18
VM6948,decommissioned,2024-05-29
VM8807,decommissioned,2021-03-04
VM4928,functional,2020-10-10
VM2121,repair,2023-07-19
VM7999,functional,2022-01-14
VM5927,functional,2020-07-10
VM3459,repair,2023-02-04
VM6395,decommissioned,2020-02-10
VM4108,repair,2020-06-24
VM6684,decommissioned,2021-03-10
VM9440,repair,2023-07-04
VM9534,decommissioned,2024-08-07
VM6171,repair,2021-05-01
VM3843,decommissioned,2022-09-04
VM4952,repair,2025-10-27
VM4201,decommissioned,2022-08-05
VM2906,decommissioned,2025-06-15
VM6938,decommissioned,2020-03-03
VM9662,repair,2024-03-07
VM8663,decommissioned,2022-11-19
VM7229,repair,2024-02-05
VM6316,functional,2021-07-12
VM2659,functional,2023-03-27
VM9380,decommissioned,2023-10-13
VM5281,decommissioned,2022-09-02
VM6741,functional,2023-09-05
VM4840,decommissioned,2021-09-15
VM3369,repair,2024-07-22
VM5707,repair,2021-03-27
VM2924,decommissioned,2024-10-20
VM5220,functional,2020-06-25
VM3000,functional,2023-04-29
VM9342,functional,2023-01-19
VM5448,decommissioned,2022-04-16
VM2581,functional,2021-09-04
VM3036,functional,2024-05-06
VM3260,repair,2024-07-29
VM5341,functional,2022-06-03
VM8971,decommissioned,2025-07-06
VM3507,repair,2023-10-06
VM3440,decommissioned,2024-02-25
VM6115,functional,2023-05-26
VM5222,decommissioned,2021-02-05
VM7193,decommissioned,2022-06-08
VM6347,decommissioned,2020-07-20
VM9263,functional,2021-09-28
VM7175,functional,2025-05-30
VM2066,functional,2021-11-27
VM1727,repair,2024-04-20
VM1617,decommissioned,2020-04-20
VM8835,functional,2022-08-11
VM1133,functional,2025-08-30
VM9918,functional,2020-05-07
VM6492,functional,2022-08-14
VM2346,repair,2022-07-29
VM6898,decommissioned,2024-05-18
VM2497,decommissioned,2021-07-29
VM3153,functional,2022-10-31
VM6852,functional,2021-03-04
VM5566,decommissioned,2023-12-01
VM2830,repair,2020-11-17
VM5583,repair,2021-06-09
VM5855,functional,2021-09-05
VM9986,repair,2024-09-06
VM2790,functional,2022-01-28
VM9051,decommissioned,2022-02-23
VM5746,repair,2024-11-15
VM7299,repair,2020-06-08
VM6524,repair,2023-03-22
VM3890,functional,2023-02-10
VM9357,decommissioned,2025-09-17
VM4792,functional,2020-04-18
VM5071,repair,2025-02-07
VM3848,functional,2023-02-15
VM3183,functional,2020-11-21
VM2134,repair,2023-04-17
VM1190,functional,2025-08-20
VM8215,decommissioned,2022-05-03
VM1408,repair,2025-04-21
VM1978,repair,2023-01-09
VM9580,functional,2025-06-16
VM3656,functional,2020-09-30
VM6098,decommissioned,2022-04-23
VM5831,repair,2020-11-24
VM3743,repair,2024-04-16
VM7963,decommissioned,2021-04-12
VM2756,repair,2025-02-17
VM1159,decommissioned,2025-10-20
VM9966,decommissioned,2024-06-29
VM9541,functional,2023-04-07
VM6995,decommissioned,2021-06-27
VM5913,repair,2025-02-28
VM4887,decommissioned,2025-11-14
VM5887,repair,2021-09-07
VM1662,repair,2022-02-06
VM9196,decommissioned,2024-06-19
VM3289,decommissioned,2022-11-01
VM2061,functional,2021-08-12
VM5995,repair,2023-04-26
VM1490,functional,2024-04-24
VM1128,decommissioned,2020-01-16
VM6972,repair,2020-06-24
VM9872,decommissioned,2020-03-29
VM3041,decommissioned,2022-07-23
VM4228,functional,2021-07-09
VM9055,repair,2022-11-13
VM1458,decommissioned,2024-10-30
VM1364,decommissioned,2023-06-09
VM8636,functional,2022-02-10
VM7907,repair,2020-01-12
VM3196,repair,2022-03-02
VM5784,decommissioned,2024-01-10
VM6188,repair,2023-08-14
VM5844,decommissioned,2020-11-20
VM5632,decommissioned,2021-02-18
VM9597,decommissioned,2025-03-12
VM2006,decommissioned,2020-05-10
VM2393,decommissioned,2024-11-30
VM6875,functional,2022-10-14
VM6277,functional,2020-05-16
VM4938,functional,2022-02-01
VM9671,functional,2025-04-01
VM1719,functional,2023-06-20
VM8069,decommissioned,2021-06-28
VM9961,decommissioned,2024-09-12
VM3484,repair,2023-08-19
VM4354,decommissioned,2020-10-02
VM4715,decommissioned,2024-12-13
VM2961,functional,2024-10-03
VM6203,repair,2023-10-27
VM4449,functional,2023-01-26
VM6260,decommissioned,2024-08-28
VM3785,functional,2021-08-14
VM1074,decommissioned,2020-09-01
VM5080,repair,2020-04-23
VM8235,repair,2021-08-01
VM4626,decommissioned,2023-04-17
VM6707,decommissioned,2021-07-24
VM2376,decommissioned,2021-07-28
VM6404,decommissioned,2022-11-17
VM7823,repair,2021-06-01
VM3616,functional,2025-07-19
VM5915,decommissioned,2024-01-05
VM5550,repair,2021-10-10
VM9268,decommissioned,2025-01-08
VM3334,functional,2025-01-27
VM2371,functional,2025-06-08
VM7777,decommissioned,2021-01-04
VM7802,functional,2022-12-05
VM1511,repair,2022-01-24
VM8044,functional,2020-04-16
VM8275,decommissioned,2023-02-23
VM1250,repair,2020-05-07
VM7867,functional,2022-03-02
VM4857,decommissioned,2023-09-13
VM4485,decommissioned,2023-01-11
VM8096,functional,2023-01-18
VM4612,functional,2021-04-02
VM2026,functional,2020-09-24
VM2149,functional,2023-09-17
VM6560,decommissioned,2024-06-21
VM3193,decommissioned,2022-02-28
VM6842,repair,2024-08-30
VM5983,decommissioned,2023-03-13
VM4978,repair,2024-10-21
VM5972,repair,2024-08-24
VM1143,decommissioned,2023-04-12
VM5310,functional,2023-01-10
VM2769,decommissioned,2020-11-19
VM1700,repair,2023-03-25
VM5744,repair,2023-10-14
VM5436,functional,2025-08-30
VM9690,functional,2025-10-12
VM3766,decommissioned,2024-03-27
VM5675,functional,2020-06-12
VM8273,functional,2022-09-10
VM3770,decommissioned,2023-10-26
VM9229,decommissioned,2024-04-14
VM3121,repair,2020-10-19
VM9022,decommissioned,2024-07-30
VM5668,decommissioned,2022-02-19
VM9983,functional,2021-12-17
VM3200,repair,2025-07-30
VM7476,functional,2020-08-16
VM2582,functional,2020-03-08
VM9381,repair,2022-09-01
VM3308,functional,2021-02-20
VM7679,functional,2023-10-18
VM8972,decommissioned,2023-05-13
VM5292,decommissioned,2025-04-03
VM3103,functional,2020-05-10
VM5586,decommissioned,2023-09-14
VM3240,decommissioned,2024-02-28
VM5299,repair,2020-08-15
VM6993,functional,2024-08-23
VM2670,decommissioned,2025-06-25
VM2240,functional,2022-03-28
VM3257,functional,2023-08-10
VM9505,repair,2025-02-08
VM7731,repair,2023-07-26
VM9319,functional,2021-06-23
VM4706,decommissioned,2025-06-13
VM3033,functional,2020-07-05
VM8997,functional,2020-07-08
VM6950,functional,2020-04-06
VM6272,decommissioned,2021-01-11
VM5617,functional,2021-09-08
VM9994,decommissioned,2021-09-05
VM5271,repair,2022-07-04
VM8265,functional,2022-04-03
VM8105,functional,2025-02-14
VM5974,repair,2022-05-12
VM3274,repair,2021-10-19
VM4745,decommissioned,2023-05-15
VM6251,decommissioned,2020-03-13
VM7119,repair,2022-08-01
VM1335,functional,2023-04-23
VM4905,decommissioned,2020-01-12
VM6102,repair,2020-07-28
VM6186,repair,2021-04-04
VM8186,decommissioned,2021-02-14
VM5992,repair,2023-08-08
VM9995,decommissioned,2021-11-26
VM1536,repair,2024-10-23
VM8187,repair,2023-09-30
VM2309,decommissioned,2023-01-09
VM9169,repair,2024-07-30
VM7917,functional,2021-12-21
VM7719,repair,2021-10-01
VM6774,repair,2021-02-05
VM5778,functional,2020-04-04
VM6183,functional,2025-11-08
VM7552,repair,2020-11-20
VM9468,repair,2021-07-23
VM8291,decommissioned,2024-02-24
VM3633,repair,2022-07-21
VM5503,functional,2021-11-23
VM1688,functional,2022-03-10
VM1886,repair,2024-10-21
VM3162,functional,2024-06-23
VM6919,repair,2024-11-12
VM7257,functional,2020-02-01
VM3327,decommissioned,2021-10-15
VM2297,repair,2020-03-14
VM8853,functional,2023-01-25
VM4998,decommissioned,2021-06-06
VM3357,functional,2023-05-07
VM1470,repair,2022-12-15
VM5569,decommissioned,2020-03-08
VM8267,functional,2022-12-11
VM9620,decommissioned,2021-02-17
VM1119,repair,2025-02-02
VM6996,decommissioned,2021-02-28
VM2126,functional,2022-02-19
VM6113,decommissioned,2020-12-10
VM5137,decommissioned,2023-04-23
VM3025,repair,2024-06-30
VM2458,functional,2022-07-10
VM2488,functional,2021-11-12
VM5124,decommissioned,2021-10-20
VM4025,repair,2023-09-12
VM5923,decommissioned,2021-05-06
VM8668,repair,2022-04-23
VM4662,repair,2022-10-24
VM4287,decommissioned,2024-12-09
VM8135,repair,2021-09-09
VM3099,functional,2025-08-24
VM8633,decommissioned,2023-02-15
VM2502,repair,2024-10-20
VM7261,decommissioned,2023-01-24
VM3594,repair,2021-01-22
VM2900,decommissioned,2020-05-06
VM5016,decommissioned,2025-02-24
VM1197,repair,2021-07-04
VM1512,functional,2024-06-25
VM8028,functional,2021-09-26
VM3206,decommissioned,2020-02-29
VM6739,functional,2021-04-16
VM3927,functional,2023-10-13
VM9968,repair,2025-06-23
VM8206,functional,2023-10-13
VM7681,repair,2020-11-26
VM9384,repair,2024-08-07
VM6772,repair,2025-07-24
VM4492,functional,2023-03-31
VM7968,functional,2024-08-16
VM3583,decommissioned,2020-04-03
VM3034,decommissioned,2024-04-20
VM5248,functional,2024-05-25
VM2977,repair,2020-12-08
VM1883,repair,2021-11-21
VM8466,decommissioned,2024-02-08
VM6370,repair,2021-10-27
VM7598,decommissioned,2022-01-27
VM8999,decommissioned,2025-06-10
VM8861,decommissioned,2023-07-23
VM1661,repair,2022-02-02
VM5862,repair,2025-02-07
VM5145,decommissioned,2020-10-24
VM1201,functional,2020-12-06
VM9633,functional,2022-12-03
VM6832,decommissioned,2025-07-30
VM3423,repair,2021-03-28
VM8643,decommissioned,2022-02-08
VM1386,repair,2022-06-25
VM5005,decommissioned,2022-10-12
VM7150,repair,2025-02-09
VM8685,repair,2024-11-19
VM1025,repair,2024-04-15
VM1031,repair,2024-05-02
VM3380,repair,2020-11-18
VM2377,repair,2023-01-14
VM2316,decommissioned,2021-08-14
VM6174,repair,2024-06-16
VM1682,decommissioned,2024-03-14
VM7989,repair,2025-10-31
VM1544,decommissioned,2021-01-14
VM5581,decommissioned,2021-12-15
VM7615,decommissioned,2022-02-28
VM3324,functional,2024-11-29
VM1849,functional,2023-09-23
VM5328,functional,2023-04-19
VM4498,functional,2023-08-19
VM4886,decommissioned,2022-09-16
VM1575,decommissioned,2020-06-30
VM3487,decommissioned,2023-09-18
VM8034,repair,2020-08-11
VM1971,decommissioned,2025-04-16
VM4006,functional,2022-08-09
VM1027,functional,2024-07-17
VM5004,repair,2020-12-30
VM8093,decommissioned,2022-02-28
VM9177,repair,2023-01-27
VM6223,repair,2023-10-16
VM8094,repair,2025-11-02
VM9286,functional,2022-02-04
VM9013,decommissioned,2022-04-01
VM5347,repair,2024-03-13
VM8757,repair,2020-02-04
VM4959,functional,2024-08-13
VM2688,repair,2021-04-30
VM5371,decommissioned,2022-08-17
VM6432,repair,2020-03-11
VM5609,repair,2025-05-20
VM5984,repair,2024-04-21
VM4343,functional,2020-10-21
VM5141,repair,2021-11-16
VM3980,repair,2020-06-18
VM2492,repair,2020-11-23
VM3721,functional,2023-05-25
VM2864,repair,2020-03-20
VM6104,decommissioned,2023-05-06
VM1801,functional,2022-11-18
VM3318,repair,2024-09-02
VM6517,repair,2021-06-09
VM9216,functional,2024-03-07
VM7258,decommissioned,2020-07-31
VM6152,functional,2025-06-09
VM9257,functional,2024-03-17
VM1069,repair,2023-03-29
VM1734,decommissioned,2025-04-24
VM8877,repair,2021-02-21
VM2440,functional,2025-10-30
VM1625,decommissioned,2023-01-25
VM6408,decommissioned,2023-04-24
VM8424,functional,2021-01-29
VM7061,functional,2020-07-06
VM8855,decommissioned,2023-06-14
VM1524,functional,2022-03-07
VM8252,functional,2024-06-22
VM5684,repair,2021-01-17
VM7698,decommissioned,2022-09-10
VM1713,repair,2024-07-25
VM6295,functional,2024-04-20
VM7411,functional,2023-12-11
VM1137,repair,2024-10-31
VM7252,repair,2021-07-07
VM5533,decommissioned,2023-02-18
VM9134,decommissioned,2025-10-30
VM2324,functional,2025-07-11
VM5530,functional,2020-02-08
VM5948,functional,2022-08-13
VM1065,functional,2022-06-30
VM1874,decommissioned,2025-03-06
VM4447,functional,2023-12-07
VM1770,functional,2022-04-30
VM5538,functional,2021-07-06
VM1905,functional,2021-03-13
VM6057,repair,2021-09-24
VM6459,decommissioned,2025-02-18
VM6748,repair,2022-02-03
VM3713,repair,2021-06-14
VM6024,repair,2022-09-24
VM4358,functional,2025-07-26
VM7935,functional,2025-07-14
VM8960,functional,2022-10-03
VM2717,decommissioned,2023-09-28
VM4622,decommissioned,2023-12-05
VM2395,decommissioned,2025-01-18
VM1312,repair,2024-03-29
VM3444,repair,2025-07-15
VM8164,functional,2020-07-26
VM2247,repair,2022-05-30
VM8528,decommissioned,2023-07-24
VM3858,repair,2021-10-07
VM1594,decommissioned,2020-11-15
VM2701,decommissioned,2023-04-29
VM9950,repair,2025-09-27
VM4898,functional,2023-11-25
VM8863,decommissioned,2025-04-14
VM2776,repair,2025-09-10
VM6218,decommissioned,2024-04-13
VM3506,repair,2024-12-08
VM4637,repair,2023-05-14
VM6714,repair,2021-11-14
VM6109,repair,2021-09-08
VM4722,repair,2023-10-29
VM1684,decommissioned,2021-10-27
VM1724,functional,2020-02-09
VM2328,decommissioned,2023-12-29
VM5223,repair,2022-11-15
VM3815,decommissioned,2025-01-18
VM1005,repair,2023-10-23
VM2691,decommissioned,2020-02-16
VM2193,functional,2025-04-21
VM1079,repair,2021-10-01
VM5066,repair,2023-09-14
VM2671,functional,2022-03-05
VM4557,functional,2022-04-30
VM5378,repair,2020-03-13
VM7390,functional,2023-11-22
VM3925,repair,2024-01-12
VM2083,functional,2024-11-24
VM2487,repair,2024-03-05
VM2612,functional,2024-03-15
VM6812,functional,2021-01-17
VM6206,repair,2021-11-03
VM9788,decommissioned,2024-10-15
VM8739,functional,2025-08-26
VM6667,repair,2024-04-15
VM3263,repair,2025-07-26
VM3297,functional,2021-08-16
VM4068,repair,2021-01-29
VM5739,repair,2023-10-08
VM8703,decommissioned,2020-06-14
VM8071,functional,2021-10-30
VM2079,functional,2020-12-23
VM3933,decommissioned,2021-07-06
VM3733,repair,2023-12-05
VM7165,functional,2025-02-14
VM3011,repair,2025-04-11
VM3157,functional,2024-03-08
VM1270,functional,2021-07-10
VM1939,decommissioned,2020-05-23
VM6331,repair,2023-08-09
VM1993,decommissioned,2022-08-03
VM2398,decommissioned,2021-02-05
VM6215,decommissioned,2022-01-23
VM9361,functional,2024-12-31
VM6146,functional,2021-12-27
VM9344,functional,2021-11-13
VM4392,repair,2021-02-05
VM8715,functional,2024-03-31
VM1918,decommissioned,2024-08-03
VM6901,decommissioned,2023-03-05
VM5696,repair,2025-07-14
VM7191,decommissioned,2021-07-01
VM6593,decommissioned,2021-06-23
VM2771,functional,2024-02-21
VM2361,repair,2020-01-19
VM8755,decommissioned,2023-07-23
VM7538,decommissioned,2021-10-05
VM3953,repair,2023-07-12
VM9117,repair,2020-06-07
VM5890,repair,2024-08-30
VM6297,functional,2023-03-23
VM2655,repair,2022-11-20
VM3722,decommissioned,2021-04-06
VM2662,functional,2021-08-18
VM7825,decommissioned,2025-09-25
VM4362,functional,2021-07-25
VM9718,functional,2024-04-18
VM3132,repair,2020-11-05
VM5113,functional,2020-04-02
VM2199,functional,2023-06-01
VM6261,functional,2021-06-29
VM2043,repair,2024-02-25
VM4038,decommissioned,2022-07-08
VM1916,functional,2024-09-10
VM1425,decommissioned,2023-02-04
VM3146,repair,2024-08-20
VM6033,repair,2023-06-11
VM4407,decommissioned,2020-01-24
VM5399,functional,2021-10-11
VM1257,functional,2021-05-06
VM5513,repair,2024-08-03
VM4160,repair,2023-02-02
VM7789,functional,2022-01-18
VM2482,repair,2024-01-17
VM7161,repair,2025-10-23
VM6114,repair,2022-02-27
VM3004,repair,2021-06-18
VM1894,decommissioned,2024-06-23
VM2999,decommissioned,2020-02-20
VM5459,repair,2021-06-28
VM3370,functional,2020-09-25
VM9372,functional,2024-01-07
VM1775,decommissioned,2022-01-06
VM2209,repair,2020-10-21
VM7144,decommissioned,2025-09-30
VM1371,functional,2021-08-27
VM3706,decommissioned,2021-06-28
VM2826,decommissioned,2023-01-08
VM5439,decommissioned,2025-04-25
VM5476,repair,2024-10-08
VM7400,decommissioned,2025-07-09
VM1908,decommissioned,2021-01-27
VM4902,decommissioned,2023-10-03
VM6157,repair,2022-05-04
VM5516,repair,2025-09-29
VM7208,functional,2020-12-25
VM8824,decommissioned,2023-01-11
VM4444,decommissioned,2021-03-14
VM1413,repair,2023-02-04
VM3658,functional,2024-04-21
VM9510,functional,2020-09-26
VM9843,repair,2025-07-22
VM4286,decommissioned,2021-01-29
VM5687,repair,2021-05-19
VM2641,functional,2020-12-05
VM6959,functional,2020-03-04
VM7587,functional,2022-07-19
VM1346,decommissioned,2025-05-17
VM1401,decommissioned,2023-10-15
VM4525,repair,2023-01-08
VM6224,repair,2020-05-08
VM7846,decommissioned,2024-01-30
VM5011,decommissioned,2022-01-07
VM7321,repair,2020-02-11
VM5718,decommissioned,2023-08-02
VM8954,functional,2020-02-02
VM8371,functional,2021-06-23
VM6311,repair,2024-08-30
VM6119,decommissioned,2025-03-22
VM8472,repair,2020-03-13
VM6440,repair,2024-08-14
VM3647,decommissioned,2024-06-13
VM7842,decommissioned,2020-11-23
VM4361,functional,2021-02-01
VM9287,repair,2025-07-04
VM6988,functional,2024-05-24
VM1175,decommissioned,2022-12-03
VM7735,decommissioned,2023-09-13
VM7712,functional,2022-11-03
VM8268,functional,2021-07-02
VM4564,functional,2024-06-24
VM9062,decommissioned,2020-10-26
VM3711,repair,2024-10-29
VM9896,functional,2024-01-29
VM6715,repair,2022-04-01
VM6916,functional,2021-07-13
VM9901,functional,2023-09-16
VM2221,repair,2025-02-12
VM4811,decommissioned,2022-07-27
VM9855,functional,2024-11-16
VM9170,repair,2020-08-13
VM7589,decommissioned,2023-11-30
VM5633,repair,2021-11-05
VM7663,functional,2025-10-11
VM1764,decommissioned,2021-05-11
VM3023,repair,2020-09-16
VM4056,functional,2022-06-12
VM2660,functional,2022-07-21
VM5472,functional,2023-04-05
VM6813,repair,2025-03-19
VM5518,decommissioned,2024-12-24
VM3376,functional,2022-02-22
VM4565,repair,2020-03-10
VM1319,decommissioned,2022-08-21
VM2146,decommissioned,2020-03-19
VM2829,functional,2022-04-03
VM2030,repair,2025-09-27
VM6648,functional,2024-04-30
VM6461,functional,2023-06-30
VM5876,repair,2024-04-22
VM3110,repair,2020-10-15
VM6691,functional,2023-12-27
VM6911,decommissioned,2023-04-09
VM9868,functional,2021-07-08
VM1474,functional,2024-08-04
VM2934,functional,2025-01-31
VM6515,functional,2020-03-07
VM4627,repair,2022-08-07
VM6391,functional,2022-10-13
VM9609,decommissioned,2025-06-04
VM6426,functional,2021-11-25
VM9587,decommissioned,2023-02-14
VM7583,decommissioned,2021-06-02
VM6007,repair,2023-01-22
VM4688,decommissioned,2022-10-20
VM7780,functional,2024-12-11
VM6212,decommissioned,2025-05-25
VM7336,repair,2025-01-20
VM1293,repair,2020-04-25
VM3398,functional,2021-03-27
VM7739,functional,2023-01-14
VM2728,functional,2023-11-06
VM5928,decommissioned,2024-11-16
VM4941,repair,2023-02-16
VM4951,repair,2023-04-03
VM9396,repair,2020-07-17
VM9304,repair,2022-10-29
VM2423,decommissioned,2022-06-30
VM3032,decommissioned,2025-04-29
VM8894,functional,2021-06-28
VM3902,repair,2025-06-17
VM5577,decommissioned,2021-05-28
VM3497,functional,2025-03-19
VM2848,decommissioned,2024-11-11
VM8797,decommissioned,2025-06-26
VM7409,decommissioned,2023-10-22
VM4711,repair,2021-10-05
VM5408,repair,2024-11-06
VM8887,decommissioned,2023-07-28
VM9607,decommissioned,2023-07-22
VM3056,repair,2023-08-26
VM3921,functional,2021-03-03
VM5818,functional,2021-03-12
VM9953,functional,2022-07-17
VM4164,functional,2025-01-09
VM4922,functional,2022-05-02
VM5091,decommissioned,2021-09-17
VM1289,functional,2022-11-16
VM3759,decommissioned,2022-05-22
VM5352,repair,2020-03-12
VM2299,repair,2022-12-20
VM6514,decommissioned,2023-01-15
VM4807,decommissioned,2025-04-10
VM6312,functional,2024-10-31
VM5680,functional,2022-04-26
VM3305,functional,2022-04-20
VM9015,decommissioned,2024-08-19
VM1876,decommissioned,2025-06-07
VM8684,functional,2024-03-29
VM8667,repair,2021-09-07
VM1847,functional,2020-12-06
VM8893,repair,2022-08-30
VM8243,repair,2024-05-26
VM6355,decommissioned,2022-07-04
VM2338,decommissioned,2025-01-12
VM9183,functional,2024-04-28
VM6323,functional,2021-11-02
VM7644,decommissioned,2021-10-15
VM2466,decommissioned,2025-07-12
VM2437,repair,2023-08-23
VM5809,decommissioned,2024-11-09
VM4474,repair,2020-11-06
VM2234,functional,2023-03-27
VM1946,repair,2025-05-22
VM8617,functional,2023-12-06
VM4043,repair,2022-05-09
VM8540,repair,2020-10-07
VM2570,functional,2023-05-21
VM4281,functional,2022-06-26
VM8437,repair,2021-08-11
VM1217,functional,2022-01-23
VM9123,functional,2024-02-23
VM7575,repair,2020-04-14
VM2417,decommissioned,2021-04-10
VM1221,functional,2022-06-24
VM9044,repair,2021-12-27
VM7072,decommissioned,2024-09-01
VM8989,decommissioned,2022-03-16
VM8974,functional,2020-03-25
VM3929,functional,2021-04-28
VM2786,functional,2024-02-17
VM8721,repair,2025-04-25
VM8749,decommissioned,2025-03-07
VM8077,functional,2021-04-17
VM1240,functional,2020-12-04
VM5273,repair,2022-05-30
VM2545,decommissioned,2024-08-02
VM6626,repair,2020-07-11
VM3959,repair,2024-03-16
VM6060,decommissioned,2024-08-10
VM6320,repair,2020-09-12
VM8883,functional,2022-11-09
VM4197,repair,2020-12-28
VM2858,repair,2024-07-02
VM7759,functional,2021-10-30
VM2200,decommissioned,2021-01-14
VM9346,repair,2023-09-30
VM9877,repair,2022-03-09
VM1339,decommissioned,2020-09-14
VM1743,decommissioned,2023-04-17
VM4960,repair,2021-10-08
VM9350,repair,2024-06-15
VM5468,decommissioned,2023-03-07
VM4445,functional,2020-01-03
VM6216,decommissioned,2022-03-30
VM5919,functional,2020-01-15
VM6205,decommissioned,2021-08-29
VM8523,functional,2024-07-29
VM6742,decommissioned,2022-03-21
VM8091,decommissioned,2022-07-17
VM4411,decommissioned,2020-11-03
VM1571,functional,2023-07-14
VM6227,functional,2025-07-02
VM9155,decommissioned,2020-12-15
VM9035,decommissioned,2024-04-23
VM8316,decommissioned,2025-03-05
VM3519,decommissioned,2023-12-24
VM1633,decommissioned,2024-01-07
VM2401,decommissioned,2021-05-25
VM8664,repair,2021-02-01
VM8490,functional,2025-05-19
VM1387,functional,2023-11-02
VM7024,decommissioned,2025-10-07
VM7273,repair,2021-08-05
VM4101,decommissioned,2020-11-08
VM4977,functional,2022-05-14
VM3406,functional,2022-03-21
VM2208,repair,2021-02-16
VM2447,functional,2021-08-31
VM5769,decommissioned,2025-08-23
VM8103,functional,2020-01-26
VM2119,decommissioned,2023-12-28
VM5068,functional,2021-09-22
VM2762,repair,2023-07-20
VM7647,functional,2020-10-28
VM1082,functional,2022-12-06
VM9464,functional,2025-03-27
VM7213,decommissioned,2022-12-06
VM9213,functional,2022-03-14
VM3343,repair,2023-09-09
VM1022,repair,2020-05-30
VM2246,functional,2024-04-03
VM2780,repair,2020-06-19
VM9405,repair,2025-06-15
VM7103,decommissioned,2023-12-17
VM8939,repair,2020-07-20
VM1493,functional,2020-03-27
VM3341,functional,2024-09-24
VM1427,decommissioned,2020-04-01
VM1311,functional,2024-10-07
VM5478,repair,2022-05-05
VM5100,decommissioned,2025-04-20
VM4021,repair,2022-01-09
VM9659,repair,2021-04-22
VM3527,repair,2025-03-12
VM9516,decommissioned,2020-03-04
VM9733,decommissioned,2020-10-27
VM3293,repair,2021-01-14
VM2022,decommissioned,2023-04-12
VM3247,functional,2025-01-09
VM2046,functional,2022-10-17
VM3465,decommissioned,2020-04-23
VM1209,repair,2025-11-21
VM9193,functional,2020-03-12
VM8000,decommissioned,2023-07-01
VM7112,functional,2023-03-14
VM5806,repair,2024-06-04
VM6368,decommissioned,2024-05-12
VM6710,repair,2021-11-10
VM8198,decommissioned,2021-05-25
VM7279,decommissioned,2020-06-29
VM2403,functional,2021-03-14
VM9804,decommissioned,2021-02-05
VM7682,functional,2023-08-08
VM9400,functional,2021-10-23
VM4631,repair,2024-06-02
VM4953,repair,2022-12-04
VM6789,decommissioned,2023-03-27
VM4958,repair,2021-07-03
VM7177,decommissioned,2024-09-24
VM5965,repair,2022-06-13
VM8284,functional,2022-06-30
VM6131,decommissioned,2020-07-20
VM8460,functional,2024-10-02
VM6089,functional,2024-04-01
VM2050,repair,2025-07-30
VM4926,functional,2021-08-13
VM8953,decommissioned,2022-10-11
VM8990,repair,2020-09-25
VM4670,decommissioned,2025-10-25
VM2549,repair,2021-04-28
VM7320,repair,2022-02-28
VM3805,decommissioned,2021-11-29
VM3181,functional,2024-02-05
VM5895,functional,2025-11-13
VM4291,functional,2024-02-25
VM1850,decommissioned,2021-04-03
VM7129,functional,2022-08-05
VM7887,functional,2023-08-09
VM7151,decommissioned,2024-02-15
VM7352,functional,2024-01-31
VM5499,functional,2020-01-12
VM8525,repair,2020-12-03
VM6176,decommissioned,2025-04-20
VM5722,functional,2022-12-02
VM4443,repair,2023-12-16
VM6093,repair,2024-02-05
VM8470,decommissioned,2023-12-06
VM7901,repair,2021-02-10
VM3887,decommissioned,2022-10-28
VM3984,decommissioned,2021-03-26
VM7455,repair,2020-12-07
VM4696,repair,2023-08-26
VM1561,repair,2020-01-02
VM4007,repair,2022-11-20
VM4587,repair,2025-05-01
VM8189,decommissioned,2025-02-25
VM3854,functional,2020-01-28
VM6380,decommissioned,2024-06-05
VM9491,functional,2020-04-03
VM2088,functional,2024-09-27
VM1596,functional,2022-10-26
VM8396,decommissioned,2021-05-01
VM8330,functional,2020-05-16
VM1675,repair,2021-07-14
VM9884,functional,2021-03-04
VM8882,repair,2021-05-27
VM8156,decommissioned,2025-01-27
VM6838,repair,2020-07-07
VM4328,decommissioned,2021-02-22
VM4747,functional,2021-12-19
VM9443,repair,2023-03-09
VM3019,functional,2023-10-25
VM2093,functional,2021-02-13
VM1149,decommissioned,2021-02-17
VM5202,decommissioned,2023-11-11
VM8775,functional,2023-07-06
VM1736,repair,2024-09-18
VM7081,repair,2024-07-02
VM1104,repair,2022-04-25
VM1709,repair,2021-06-11
VM9473,repair,2024-04-29
VM5058,functional,2025-05-16
VM6855,decommissioned,2023-10-24
VM2647,repair,2025-08-22
VM9484,functional,2024-02-13
VM5989,decommissioned,2022-06-18
VM3005,functional,2023-05-02
VM2037,repair,2023-03-15
VM7889,decommissioned,2024-05-05
VM9200,decommissioned,2022-06-14
VM2471,repair,2025-08-27
VM2468,functional,2020-04-09
VM7285,functional,2024-06-07
VM5808,decommissioned,2022-05-22
VM4476,repair,2023-07-16
VM8560,decommissioned,2021-04-26
VM6654,decommissioned,2021-05-20
VM5427,functional,2025-10-06
VM9780,repair,2024-07-16
VM6490,functional,2021-07-16
VM6575,functional,2025-07-25
VM1808,functional,2020-06-26
VM1315,functional,2020-03-08
VM7463,functional,2023-03-18
VM7281,functional,2020-06-18
VM1416,functional,2025-01-14
VM3250,functional,2024-04-07
VM5768,decommissioned,2020-07-27
VM2808,functional,2022-01-24
VM9383,decommissioned,2022-05-27
VM2453,repair,2024-09-08
VM3485,repair,2024-04-01
VM9059,decommissioned,2024-07-06
VM2846,repair,2023-10-22
VM2708,functional,2020-01-25
VM7373,repair,2025-09-22
VM7148,decommissioned,2022-10-28
VM4060,decommissioned,2020-06-20
VM7011,decommissioned,2022-09-01
VM8183,repair,2023-09-18
VM9301,repair,2021-05-12
VM3128,repair,2020-07-16
VM5920,decommissioned,2023-05-20
VM7483,repair,2022-08-26
VM2495,functional,2021-12-04
VM6555,repair,2023-10-10
VM9445,repair,2024-09-08
VM4605,repair,2022-11-12
VM4380,repair,2021-09-14
VM9176,repair,2020-01-02
VM5988,decommissioned,2025-09-02
VM2839,repair,2021-08-16
VM8812,repair,2023-01-14
VM5574,decommissioned,2021-09-12
VM5048,repair,2021-07-11
VM7104,decommissioned,2020-03-08
VM4242,decommissioned,2020-08-25
VM7396,functional,2022-11-17
VM4001,decommissioned,2020-12-02
VM8374,decommissioned,2024-10-11
VM3591,repair,2021-12-12
VM8033,functional,2020-11-22
VM3347,functional,2020-01-28
VM3840,repair,2025-11-06
VM8376,repair,2021-08-09
VM4310,repair,2025-01-06
VM4561,decommissioned,2023-03-26
VM6487,functional,2020-07-16
VM3776,functional,2025-10-01
VM7221,functional,2020-06-15
VM2452,decommissioned,2022-05-08
VM8776,functional,2020-12-17
VM5024,decommissioned,2024-01-06
VM1158,decommissioned,2021-04-18
VM1698,repair,2021-01-27
VM7276,repair,2024-08-05
VM4506,repair,2024-05-28
VM5729,repair,2021-02-27
VM4559,functional,2024-06-18
VM1207,decommissioned,2023-12-10
VM7014,decommissioned,2022-03-25
VM2340,repair,2022-12-24
VM9652,functional,2023-01-11
VM8311,functional,2021-02-13
VM2358,repair,2020-09-01
VM4367,functional,2020-07-30
VM5882,repair,2020-12-03
VM8602,repair,2020-03-10
VM8867,functional,2022-05-11
VM2697,decommissioned,2022-09-30
VM9336,decommissioned,2024-11-06
VM3717,decommissioned,2021-07-20
VM5590,functional,2021-06-08
VM2559,functional,2025-01-19
VM4337,repair,2021-05-05
VM3095,repair,2021-09-06
VM5330,functional,2020-01-25
VM3846,decommissioned,2020-11-14
VM6143,repair,2024-07-23
VM9474,decommissioned,2024-10-14
VM5377,decommissioned,2024-02-29
VM8073,repair,2024-05-01
VM7179,functional,2022-09-25
VM8254,decommissioned,2025-05-06
VM4658,functional,2024-03-12
VM7760,decommissioned,2023-03-30
VM8111,functional,2024-10-05
VM7798,functional,2022-02-26
VM1254,decommissioned,2023-12-19
VM8553,repair,2024-07-10
VM1222,decommissioned,2022-06-15
VM9784,decommissioned,2024-03-20
VM7545,repair,2024-04-12
VM8372,repair,2023-03-25
VM7515,repair,2025-04-30
VM4360,functional,2020-12-07
VM5820,decommissioned,2021-02-23
VM3467,repair,2025-02-17
VM2590,repair,2021-11-26
VM6202,decommissioned,2023-12-28
VM3419,functional,2021-04-13
VM7012,repair,2020-06-17
VM9402,decommissioned,2024-07-14
VM1560,repair,2023-08-27
VM3383,decommissioned,2020-11-18
VM3877,functional,2022-08-22
VM3055,functional,2022-01-05
VM6095,functional,2025-01-01
VM6314,functional,2024-11-10
VM1631,decommissioned,2022-05-24
VM7181,repair,2023-08-23
VM3572,repair,2022-06-27
VM3499,functional,2021-12-21
VM4961,repair,2024-04-24
VM5589,decommissioned,2024-10-24
VM7088,decommissioned,2024-06-13
VM2438,functional,2024-11-11
VM8518,decommissioned,2020-02-09
VM4552,decommissioned,2021-11-07
